iter,cost
1,206817.944886
2,132295.203170
3,84684.166130
4,54216.504697
5,34716.804092
6,22235.875405
7,14246.953146
8,9133.061396
9,5859.348864
10,3763.492152
11,2421.581421
12,1562.293679
13,1011.964779
14,659.435278
15,433.551338
16,288.764842
17,195.917095
18,136.340064
19,98.080908
20,73.485473
21,57.651544
22,47.438786
23,40.834992
24,36.550385
25,33.757893
26,31.926864
27,30.716586
28,29.908105
29,29.360549
30,28.983147
31,28.717299
32,28.525085
33,28.381887
34,28.271665
35,28.183912
36,28.111707
37,28.050455
38,27.997077
39,27.949486
40,27.906253
41,27.866378
42,27.829156
43,27.794077
44,27.760766
45,27.728942
46,27.698390
47,27.668943
48,27.640468
49,27.612859
50,27.586027
51,27.559902
52,27.534423
53,27.509538
54,27.485206
55,27.461388
56,27.438054
57,27.415175
58,27.392726
59,27.370687
60,27.349039
61,27.327766
62,27.306851
63,27.286282
64,27.266048
65,27.246136
66,27.226537
67,27.207242
68,27.188243
69,27.169532
70,27.151101
71,27.132945
72,27.115057
73,27.097431
74,27.080062
75,27.062944
76,27.046073
77,27.029445
78,27.013053
79,26.996895
80,26.980967
81,26.965263
82,26.949781
83,26.934518
84,26.919468
85,26.904629
86,26.889999
87,26.875572
88,26.861347
89,26.847320
90,26.833488
91,26.819848
92,26.806398
93,26.793135
94,26.780055
95,26.767157
96,26.754437
97,26.741894
98,26.729524
99,26.717324
100,26.705294
101,26.693430
102,26.681729
103,26.670190
104,26.658810
105,26.647587
106,26.636519
107,26.625604
108,26.614839
109,26.604222
110,26.593752
111,26.583426
112,26.573242
113,26.563199
114,26.553293
115,26.543524
116,26.533890
117,26.524388
118,26.515017
119,26.505774
120,26.496659
121,26.487670
122,26.478804
123,26.470060
124,26.461436
125,26.452930
126,26.444542
127,26.436269
128,26.428110
129,26.420062
130,26.412126
131,26.404298
132,26.396578
133,26.388964
134,26.381454
135,26.374048
136,26.366744
137,26.359539
138,26.352434
139,26.345426
140,26.338514
141,26.331698
142,26.324974
143,26.318343
144,26.311804
145,26.305353
146,26.298992
147,26.292717
148,26.286529
149,26.280425
150,26.274405
151,26.268468
152,26.262612
153,26.256836
154,26.251140
155,26.245521
156,26.239980
157,26.234515
158,26.229124
159,26.223807
160,26.218563
161,26.213391
162,26.208290
163,26.203258
164,26.198296
165,26.193401
166,26.188573
167,26.183812
168,26.179115
169,26.174483
170,26.169915
171,26.165408
172,26.160964
173,26.156580
174,26.152256
175,26.147991
176,26.143784
177,26.139635
178,26.135543
179,26.131507
180,26.127525
181,26.123599
182,26.119725
183,26.115905
184,26.112137
185,26.108420
186,26.104754
187,26.101138
188,26.097571
189,26.094054
190,26.090584
191,26.087161
192,26.083785
193,26.080455
194,26.077171
195,26.073931
196,26.070735
197,26.067583
198,26.064474
199,26.061407
200,26.058383
201,26.055399
202,26.052456
203,26.049553
204,26.046689
205,26.043865
206,26.041078
207,26.038330
208,26.035619
209,26.032945
210,26.030308
211,26.027706
212,26.025140
213,26.022608
214,26.020111
215,26.017648
216,26.015218
217,26.012822
218,26.010457
219,26.008125
220,26.005825
221,26.003556
222,26.001317
223,25.999109
224,25.996931
225,25.994783
226,25.992663
227,25.990572
228,25.988510
229,25.986476
230,25.984469
231,25.982489
232,25.980536
233,25.978610
234,25.976709
235,25.974835
236,25.972985
237,25.971161
238,25.969361
239,25.967586
240,25.965835
241,25.964107
242,25.962403
243,25.960722
244,25.959063
245,25.957427
246,25.955813
247,25.954220
248,25.952649
249,25.951100
250,25.949571
251,25.948063
252,25.946575
253,25.945107
254,25.943659
255,25.942231
256,25.940821
257,25.939431
258,25.938060
259,25.936706
260,25.935371
261,25.934054
262,25.932755
263,25.931473
264,25.930209
265,25.928961
266,25.927730
267,25.926516
268,25.925318
269,25.924136
270,25.922970
271,25.921819
272,25.920684
273,25.919564
274,25.918459
275,25.917369
276,25.916294
277,25.915233
278,25.914186
279,25.913153
280,25.912134
281,25.911128
282,25.910136
283,25.909157
284,25.908192
285,25.907239
286,25.906299
287,25.905371
288,25.904456
289,25.903553
290,25.902662
291,25.901783
292,25.900915
293,25.900059
294,25.899215
295,25.898382
296,25.897560
297,25.896748
298,25.895948
299,25.895158
300,25.894379
301,25.893610
302,25.892851
303,25.892102
304,25.891363
305,25.890634
306,25.889915
307,25.889205
308,25.888505
309,25.887813
310,25.887131
311,25.886458
312,25.885794
313,25.885139
314,25.884492
315,25.883854
316,25.883224
317,25.882603
318,25.881990
319,25.881384
320,25.880787
321,25.880198
322,25.879616
323,25.879042
324,25.878476
325,25.877917
326,25.877365
327,25.876821
328,25.876283
329,25.875753
330,25.875230
331,25.874714
332,25.874204
333,25.873701
334,25.873204
335,25.872715
336,25.872231
337,25.871754
338,25.871283
339,25.870818
340,25.870359
341,25.869906
342,25.869459
343,25.869018
344,25.868583
345,25.868153
346,25.867729
347,25.867311
348,25.866898
349,25.866490
350,25.866087
351,25.865690
352,25.865298
353,25.864911
354,25.864529
355,25.864151
356,25.863779
357,25.863412
358,25.863049
359,25.862691
360,25.862337
361,25.861989
362,25.861644
363,25.861304
364,25.860969
365,25.860637
366,25.860310
367,25.859988
368,25.859669
369,25.859354
370,25.859044
371,25.858737
372,25.858434
373,25.858136
374,25.857840
375,25.857549
376,25.857262
377,25.856978
378,25.856698
379,25.856421
380,25.856148
381,25.855878
382,25.855612
383,25.855349
384,25.855089
385,25.854833
386,25.854580
387,25.854330
388,25.854083
389,25.853840
390,25.853599
391,25.853362
392,25.853127
393,25.852896
394,25.852667
395,25.852441
396,25.852218
397,25.851998
398,25.851781
399,25.851566
400,25.851354
401,25.851145
402,25.850938
403,25.850734
404,25.850532
405,25.850333
406,25.850137
407,25.849943
408,25.849751
409,25.849561
410,25.849374
411,25.849190
412,25.849007
413,25.848827
414,25.848649
415,25.848473
416,25.848300
417,25.848128
418,25.847959
419,25.847792
420,25.847626
421,25.847463
422,25.847302
423,25.847143
424,25.846986
425,25.846830
426,25.846677
427,25.846525
428,25.846375
429,25.846227
430,25.846081
431,25.845937
432,25.845794
433,25.845653
434,25.845514
435,25.845377
436,25.845241
437,25.845107
438,25.844974
439,25.844843
440,25.844713
441,25.844586
442,25.844459
443,25.844334
444,25.844211
445,25.844089
446,25.843969
447,25.843850
448,25.843732
449,25.843616
450,25.843501
451,25.843387
452,25.843275
453,25.843164
454,25.843055
455,25.842947
456,25.842840
457,25.842734
458,25.842630
459,25.842526
460,25.842424
461,25.842324
462,25.842224
463,25.842125
464,25.842028
465,25.841932
466,25.841837
467,25.841743
468,25.841650
469,25.841558
470,25.841467
471,25.841377
472,25.841288
473,25.841201
474,25.841114
475,25.841028
476,25.840944
477,25.840860
478,25.840777
479,25.840695
480,25.840614
481,25.840534
482,25.840455
483,25.840377
484,25.840299
485,25.840223
486,25.840147
487,25.840072
488,25.839998
489,25.839925
490,25.839853
491,25.839781
492,25.839711
493,25.839641
494,25.839571
495,25.839503
496,25.839435
497,25.839369
498,25.839302
499,25.839237
500,25.839172
501,25.839108
502,25.839045
503,25.838982
504,25.838920
505,25.838859
506,25.838798
507,25.838738
508,25.838679
509,25.838620
510,25.838562
511,25.838505
512,25.838448
513,25.838392
514,25.838336
515,25.838281
516,25.838226
517,25.838173
518,25.838119
519,25.838066
520,25.838014
521,25.837963
522,25.837911
523,25.837861
524,25.837811
525,25.837761
526,25.837712
527,25.837664
528,25.837616
529,25.837568
530,25.837521
531,25.837475
532,25.837428
533,25.837383
534,25.837338
535,25.837293
536,25.837249
537,25.837205
538,25.837162
539,25.837119
540,25.837076
541,25.837034
542,25.836992
543,25.836951
544,25.836910
545,25.836870
546,25.836830
547,25.836790
548,25.836751
549,25.836712
550,25.836674
551,25.836636
552,25.836598
553,25.836560
554,25.836523
555,25.836487
556,25.836450
557,25.836414
558,25.836379
559,25.836344
560,25.836309
561,25.836274
562,25.836240
563,25.836206
564,25.836172
565,25.836139
566,25.836106
567,25.836073
568,25.836041
569,25.836009
570,25.835977
571,25.835945
572,25.835914
573,25.835883
574,25.835852
575,25.835822
576,25.835792
577,25.835762
578,25.835732
579,25.835703
580,25.835674
581,25.835645
582,25.835617
583,25.835589
584,25.835560
585,25.835533
586,25.835505
587,25.835478
588,25.835451
589,25.835424
590,25.835397
591,25.835371
592,25.835345
593,25.835319
594,25.835293
595,25.835268
596,25.835243
597,25.835218
598,25.835193
599,25.835168
600,25.835144
601,25.835119
602,25.835095
603,25.835072
604,25.835048
605,25.835025
606,25.835001
607,25.834978
608,25.834955
609,25.834933
610,25.834910
611,25.834888
612,25.834866
613,25.834844
614,25.834822
615,25.834800
616,25.834779
617,25.834758
618,25.834737
619,25.834716
620,25.834695
621,25.834674
622,25.834654
623,25.834634
624,25.834613
625,25.834593
626,25.834574
627,25.834554
628,25.834534
629,25.834515
630,25.834496
631,25.834477
632,25.834458
633,25.834439
634,25.834420
635,25.834402
636,25.834383
637,25.834365
638,25.834347
639,25.834329
640,25.834311
641,25.834293
642,25.834276
643,25.834258
644,25.834241
645,25.834223
646,25.834206
647,25.834189
648,25.834172
649,25.834156
650,25.834139
651,25.834122
652,25.834106
653,25.834090
654,25.834073
655,25.834057
656,25.834041
657,25.834025
658,25.834010
659,25.833994
660,25.833978
661,25.833963
662,25.833947
663,25.833932
664,25.833917
665,25.833902
666,25.833887
667,25.833872
668,25.833857
669,25.833843
670,25.833828
671,25.833813
672,25.833799
673,25.833785
674,25.833770
675,25.833756
676,25.833742
677,25.833728
678,25.833714
679,25.833701
680,25.833687
681,25.833673
682,25.833660
683,25.833646
684,25.833633
685,25.833619
686,25.833606
687,25.833593
688,25.833580
689,25.833567
690,25.833554
691,25.833541
692,25.833528
693,25.833515
694,25.833503
695,25.833490
696,25.833478
697,25.833465
698,25.833453
699,25.833441
700,25.833428
701,25.833416
702,25.833404
703,25.833392
704,25.833380
705,25.833368
706,25.833356
707,25.833344
708,25.833333
709,25.833321
710,25.833309
711,25.833298
712,25.833286
713,25.833275
714,25.833264
715,25.833252
716,25.833241
717,25.833230
718,25.833219
719,25.833208
720,25.833197
721,25.833186
722,25.833175
723,25.833164
724,25.833153
725,25.833142
726,25.833132
727,25.833121
728,25.833110
729,25.833100
730,25.833089
731,25.833079
732,25.833068
733,25.833058
734,25.833048
735,25.833037
736,25.833027
737,25.833017
738,25.833007
739,25.832997
740,25.832987
741,25.832977
742,25.832967
743,25.832957
744,25.832947
745,25.832937
746,25.832928
747,25.832918
748,25.832908
749,25.832898
750,25.832889
751,25.832879
752,25.832870
753,25.832860
754,25.832851
755,25.832841
756,25.832832
757,25.832823
758,25.832813
759,25.832804
760,25.832795
761,25.832786
762,25.832777
763,25.832768
764,25.832758
765,25.832749
766,25.832740
767,25.832731
768,25.832723
769,25.832714
770,25.832705
771,25.832696
772,25.832687
773,25.832678
774,25.832670
775,25.832661
776,25.832652
777,25.832644
778,25.832635
779,25.832627
780,25.832618
781,25.832609
782,25.832601
783,25.832593
784,25.832584
785,25.832576
786,25.832567
787,25.832559
788,25.832551
789,25.832543
790,25.832534
791,25.832526
792,25.832518
793,25.832510
794,25.832502
795,25.832493
796,25.832485
797,25.832477
798,25.832469
799,25.832461
800,25.832453
801,25.832445
802,25.832438
803,25.832430
804,25.832422
805,25.832414
806,25.832406
807,25.832398
808,25.832391
809,25.832383
810,25.832375
811,25.832367
812,25.832360
813,25.832352
814,25.832344
815,25.832337
816,25.832329
817,25.832322
818,25.832314
819,25.832307
820,25.832299
821,25.832292
822,25.832284
823,25.832277
824,25.832269
825,25.832262
826,25.832255
827,25.832247
828,25.832240
829,25.832233
830,25.832225
831,25.832218
832,25.832211
833,25.832204
834,25.832197
835,25.832189
836,25.832182
837,25.832175
838,25.832168
839,25.832161
840,25.832154
841,25.832147
842,25.832140
843,25.832133
844,25.832126
845,25.832119
846,25.832112
847,25.832105
848,25.832098
849,25.832091
850,25.832084
851,25.832077
852,25.832070
853,25.832063
854,25.832057
855,25.832050
856,25.832043
857,25.832036
858,25.832029
859,25.832023
860,25.832016
861,25.832009
862,25.832002
863,25.831996
864,25.831989
865,25.831982
866,25.831976
867,25.831969
868,25.831963
869,25.831956
870,25.831949
871,25.831943
872,25.831936
873,25.831930
874,25.831923
875,25.831917
876,25.831910
877,25.831904
878,25.831897
879,25.831891
880,25.831884
881,25.831878
882,25.831872
883,25.831865
884,25.831859
885,25.831852
886,25.831846
887,25.831840
888,25.831833
889,25.831827
890,25.831821
891,25.831815
892,25.831808
893,25.831802
894,25.831796
895,25.831790
896,25.831783
897,25.831777
898,25.831771
899,25.831765
900,25.831759
901,25.831752
902,25.831746
903,25.831740
904,25.831734
905,25.831728
906,25.831722
907,25.831716
908,25.831710
909,25.831704
910,25.831697
911,25.831691
912,25.831685
913,25.831679
914,25.831673
915,25.831667
916,25.831661
917,25.831655
918,25.831649
919,25.831643
920,25.831638
921,25.831632
922,25.831626
923,25.831620
924,25.831614
925,25.831608
926,25.831602
927,25.831596
928,25.831590
929,25.831584
930,25.831579
931,25.831573
932,25.831567
933,25.831561
934,25.831555
935,25.831550
936,25.831544
937,25.831538
938,25.831532
939,25.831526
940,25.831521
941,25.831515
942,25.831509
943,25.831503
944,25.831498
945,25.831492
946,25.831486
947,25.831481
948,25.831475
949,25.831469
950,25.831464
951,25.831458
952,25.831452
953,25.831447
954,25.831441
955,25.831436
956,25.831430
957,25.831424
958,25.831419
959,25.831413
960,25.831408
961,25.831402
962,25.831396
963,25.831391
964,25.831385
965,25.831380
966,25.831374
967,25.831369
968,25.831363
969,25.831358
970,25.831352
971,25.831347
972,25.831341
973,25.831336
974,25.831330
975,25.831325
976,25.831319
977,25.831314
978,25.831309
979,25.831303
980,25.831298
981,25.831292
982,25.831287
983,25.831282
984,25.831276
985,25.831271
986,25.831265
987,25.831260
988,25.831255
989,25.831249
990,25.831244
991,25.831239
992,25.831233
993,25.831228
994,25.831223
995,25.831217
996,25.831212
997,25.831207
998,25.831201
999,25.831196
1000,25.831191
1001,25.831186
1002,25.831180
1003,25.831175
1004,25.831170
1005,25.831165
1006,25.831159
1007,25.831154
1008,25.831149
1009,25.831144
1010,25.831138
1011,25.831133
1012,25.831128
1013,25.831123
1014,25.831118
1015,25.831112
1016,25.831107
1017,25.831102
1018,25.831097
1019,25.831092
1020,25.831087
1021,25.831081
1022,25.831076
1023,25.831071
1024,25.831066
1025,25.831061
1026,25.831056
1027,25.831051
1028,25.831045
1029,25.831040
1030,25.831035
1031,25.831030
1032,25.831025
1033,25.831020
1034,25.831015
1035,25.831010
1036,25.831005
1037,25.831000
1038,25.830995
1039,25.830990
1040,25.830985
1041,25.830980
1042,25.830974
1043,25.830969
1044,25.830964
1045,25.830959
1046,25.830954
1047,25.830949
1048,25.830944
1049,25.830939
1050,25.830934
1051,25.830929
1052,25.830924
1053,25.830919
1054,25.830914
1055,25.830909
1056,25.830904
1057,25.830900
1058,25.830895
1059,25.830890
1060,25.830885
1061,25.830880
1062,25.830875
1063,25.830870
1064,25.830865
1065,25.830860
1066,25.830855
1067,25.830850
1068,25.830845
1069,25.830840
1070,25.830835
1071,25.830831
1072,25.830826
1073,25.830821
1074,25.830816
1075,25.830811
1076,25.830806
1077,25.830801
1078,25.830796
1079,25.830792
1080,25.830787
1081,25.830782
1082,25.830777
1083,25.830772
1084,25.830767
1085,25.830763
1086,25.830758
1087,25.830753
1088,25.830748
1089,25.830743
1090,25.830738
1091,25.830734
1092,25.830729
1093,25.830724
1094,25.830719
1095,25.830714
1096,25.830710
1097,25.830705
1098,25.830700
1099,25.830695
1100,25.830691
1101,25.830686
1102,25.830681
1103,25.830676
1104,25.830671
1105,25.830667
1106,25.830662
1107,25.830657
1108,25.830653
1109,25.830648
1110,25.830643
1111,25.830638
1112,25.830634
1113,25.830629
1114,25.830624
1115,25.830619
1116,25.830615
1117,25.830610
1118,25.830605
1119,25.830601
1120,25.830596
1121,25.830591
1122,25.830587
1123,25.830582
1124,25.830577
1125,25.830573
1126,25.830568
1127,25.830563
1128,25.830559
1129,25.830554
1130,25.830549
1131,25.830545
1132,25.830540
1133,25.830535
1134,25.830531
1135,25.830526
1136,25.830521
1137,25.830517
1138,25.830512
1139,25.830507
1140,25.830503
1141,25.830498
1142,25.830494
1143,25.830489
1144,25.830484
1145,25.830480
1146,25.830475
1147,25.830470
1148,25.830466
1149,25.830461
1150,25.830457
1151,25.830452
1152,25.830448
1153,25.830443
1154,25.830438
1155,25.830434
1156,25.830429
1157,25.830425
1158,25.830420
1159,25.830416
1160,25.830411
1161,25.830406
1162,25.830402
1163,25.830397
1164,25.830393
1165,25.830388
1166,25.830384
1167,25.830379
1168,25.830375
1169,25.830370
1170,25.830366
1171,25.830361
1172,25.830356
1173,25.830352
1174,25.830347
1175,25.830343
1176,25.830338
1177,25.830334
1178,25.830329
1179,25.830325
1180,25.830320
1181,25.830316
1182,25.830311
1183,25.830307
1184,25.830302
1185,25.830298
1186,25.830293
1187,25.830289
1188,25.830285
1189,25.830280
1190,25.830276
1191,25.830271
1192,25.830267
1193,25.830262
1194,25.830258
1195,25.830253
1196,25.830249
1197,25.830244
1198,25.830240
1199,25.830235
1200,25.830231
1201,25.830227
1202,25.830222
1203,25.830218
1204,25.830213
1205,25.830209
1206,25.830204
1207,25.830200
1208,25.830196
1209,25.830191
1210,25.830187
1211,25.830182
1212,25.830178
1213,25.830173
1214,25.830169
1215,25.830165
1216,25.830160
1217,25.830156
1218,25.830151
1219,25.830147
1220,25.830143
1221,25.830138
1222,25.830134
1223,25.830129
1224,25.830125
1225,25.830121
1226,25.830116
1227,25.830112
1228,25.830108
1229,25.830103
1230,25.830099
1231,25.830095
1232,25.830090
1233,25.830086
1234,25.830081
1235,25.830077
1236,25.830073
1237,25.830068
1238,25.830064
1239,25.830060
1240,25.830055
1241,25.830051
1242,25.830047
1243,25.830042
1244,25.830038
1245,25.830034
1246,25.830029
1247,25.830025
1248,25.830021
1249,25.830016
1250,25.830012
1251,25.830008
1252,25.830003
1253,25.829999
1254,25.829995
1255,25.829990
1256,25.829986
1257,25.829982
1258,25.829978
1259,25.829973
1260,25.829969
1261,25.829965
1262,25.829960
1263,25.829956
1264,25.829952
1265,25.829948
1266,25.829943
1267,25.829939
1268,25.829935
1269,25.829930
1270,25.829926
1271,25.829922
1272,25.829918
1273,25.829913
1274,25.829909
1275,25.829905
1276,25.829900
1277,25.829896
1278,25.829892
1279,25.829888
1280,25.829883
1281,25.829879
1282,25.829875
1283,25.829871
1284,25.829866
1285,25.829862
1286,25.829858
1287,25.829854
1288,25.829850
1289,25.829845
1290,25.829841
1291,25.829837
1292,25.829833
1293,25.829828
1294,25.829824
1295,25.829820
1296,25.829816
1297,25.829811
1298,25.829807
1299,25.829803
1300,25.829799
1301,25.829795
1302,25.829790
1303,25.829786
1304,25.829782
1305,25.829778
1306,25.829774
1307,25.829769
1308,25.829765
1309,25.829761
1310,25.829757
1311,25.829753
1312,25.829748
1313,25.829744
1314,25.829740
1315,25.829736
1316,25.829732
1317,25.829728
1318,25.829723
1319,25.829719
1320,25.829715
1321,25.829711
1322,25.829707
1323,25.829702
1324,25.829698
1325,25.829694
1326,25.829690
1327,25.829686
1328,25.829682
1329,25.829677
1330,25.829673
1331,25.829669
1332,25.829665
1333,25.829661
1334,25.829657
1335,25.829653
1336,25.829648
1337,25.829644
1338,25.829640
1339,25.829636
1340,25.829632
1341,25.829628
1342,25.829624
1343,25.829619
1344,25.829615
1345,25.829611
1346,25.829607
1347,25.829603
1348,25.829599
1349,25.829595
1350,25.829591
1351,25.829587
1352,25.829582
1353,25.829578
1354,25.829574
1355,25.829570
1356,25.829566
1357,25.829562
1358,25.829558
1359,25.829554
1360,25.829550
1361,25.829545
1362,25.829541
1363,25.829537
1364,25.829533
1365,25.829529
1366,25.829525
1367,25.829521
1368,25.829517
1369,25.829513
1370,25.829509
1371,25.829505
1372,25.829500
1373,25.829496
1374,25.829492
1375,25.829488
1376,25.829484
1377,25.829480
1378,25.829476
1379,25.829472
1380,25.829468
1381,25.829464
1382,25.829460
1383,25.829456
1384,25.829452
1385,25.829448
1386,25.829444
1387,25.829439
1388,25.829435
1389,25.829431
1390,25.829427
1391,25.829423
1392,25.829419
1393,25.829415
1394,25.829411
1395,25.829407
1396,25.829403
1397,25.829399
1398,25.829395
1399,25.829391
1400,25.829387
1401,25.829383
1402,25.829379
1403,25.829375
1404,25.829371
1405,25.829367
1406,25.829363
1407,25.829359
1408,25.829355
1409,25.829351
1410,25.829347
1411,25.829343
1412,25.829339
1413,25.829335
1414,25.829331
1415,25.829327
1416,25.829323
1417,25.829319
1418,25.829315
1419,25.829311
1420,25.829307
1421,25.829303
1422,25.829299
1423,25.829295
1424,25.829291
1425,25.829287
1426,25.829283
1427,25.829279
1428,25.829275
1429,25.829271
1430,25.829267
1431,25.829263
1432,25.829259
1433,25.829255
1434,25.829251
1435,25.829247
1436,25.829243
1437,25.829239
1438,25.829235
1439,25.829231
1440,25.829227
1441,25.829223
1442,25.829219
1443,25.829215
1444,25.829211
1445,25.829207
1446,25.829203
1447,25.829199
1448,25.829195
1449,25.829191
1450,25.829187
1451,25.829183
1452,25.829179
1453,25.829175
1454,25.829171
1455,25.829167
1456,25.829164
1457,25.829160
1458,25.829156
1459,25.829152
1460,25.829148
1461,25.829144
1462,25.829140
1463,25.829136
1464,25.829132
1465,25.829128
1466,25.829124
1467,25.829120
1468,25.829116
1469,25.829112
1470,25.829108
1471,25.829104
1472,25.829101
1473,25.829097
1474,25.829093
1475,25.829089
1476,25.829085
1477,25.829081
1478,25.829077
1479,25.829073
1480,25.829069
1481,25.829065
1482,25.829061
1483,25.829057
1484,25.829054
1485,25.829050
1486,25.829046
1487,25.829042
1488,25.829038
1489,25.829034
1490,25.829030
1491,25.829026
1492,25.829022
1493,25.829018
1494,25.829015
1495,25.829011
1496,25.829007
1497,25.829003
1498,25.828999
1499,25.828995
1500,25.828991
1501,25.828987
1502,25.828983
1503,25.828980
1504,25.828976
1505,25.828972
1506,25.828968
1507,25.828964
1508,25.828960
1509,25.828956
1510,25.828952
1511,25.828949
1512,25.828945
1513,25.828941
1514,25.828937
1515,25.828933
1516,25.828929
1517,25.828925
1518,25.828922
1519,25.828918
1520,25.828914
1521,25.828910
1522,25.828906
1523,25.828902
1524,25.828898
1525,25.828895
1526,25.828891
1527,25.828887
1528,25.828883
1529,25.828879
1530,25.828875
1531,25.828872
1532,25.828868
1533,25.828864
1534,25.828860
1535,25.828856
1536,25.828852
1537,25.828848
1538,25.828845
1539,25.828841
1540,25.828837
1541,25.828833
1542,25.828829
1543,25.828826
1544,25.828822
1545,25.828818
1546,25.828814
1547,25.828810
1548,25.828806
1549,25.828803
1550,25.828799
1551,25.828795
1552,25.828791
1553,25.828787
1554,25.828784
1555,25.828780
1556,25.828776
1557,25.828772
1558,25.828768
1559,25.828764
1560,25.828761
1561,25.828757
1562,25.828753
1563,25.828749
1564,25.828745
1565,25.828742
1566,25.828738
1567,25.828734
1568,25.828730
1569,25.828726
1570,25.828723
1571,25.828719
1572,25.828715
1573,25.828711
1574,25.828708
1575,25.828704
1576,25.828700
1577,25.828696
1578,25.828692
1579,25.828689
1580,25.828685
1581,25.828681
1582,25.828677
1583,25.828674
1584,25.828670
1585,25.828666
1586,25.828662
1587,25.828658
1588,25.828655
1589,25.828651
1590,25.828647
1591,25.828643
1592,25.828640
1593,25.828636
1594,25.828632
1595,25.828628
1596,25.828625
1597,25.828621
1598,25.828617
1599,25.828613
1600,25.828610
1601,25.828606
1602,25.828602
1603,25.828598
1604,25.828595
1605,25.828591
1606,25.828587
1607,25.828583
1608,25.828580
1609,25.828576
1610,25.828572
1611,25.828568
1612,25.828565
1613,25.828561
1614,25.828557
1615,25.828553
1616,25.828550
1617,25.828546
1618,25.828542
1619,25.828538
1620,25.828535
1621,25.828531
1622,25.828527
1623,25.828524
1624,25.828520
1625,25.828516
1626,25.828512
1627,25.828509
1628,25.828505
1629,25.828501
1630,25.828498
1631,25.828494
1632,25.828490
1633,25.828486
1634,25.828483
1635,25.828479
1636,25.828475
1637,25.828472
1638,25.828468
1639,25.828464
1640,25.828460
1641,25.828457
1642,25.828453
1643,25.828449
1644,25.828446
1645,25.828442
1646,25.828438
1647,25.828435
1648,25.828431
1649,25.828427
1650,25.828423
1651,25.828420
1652,25.828416
1653,25.828412
1654,25.828409
1655,25.828405
1656,25.828401
1657,25.828398
1658,25.828394
1659,25.828390
1660,25.828387
1661,25.828383
1662,25.828379
1663,25.828376
1664,25.828372
1665,25.828368
1666,25.828365
1667,25.828361
1668,25.828357
1669,25.828354
1670,25.828350
1671,25.828346
1672,25.828343
1673,25.828339
1674,25.828335
1675,25.828332
1676,25.828328
1677,25.828324
1678,25.828321
1679,25.828317
1680,25.828313
1681,25.828310
1682,25.828306
1683,25.828302
1684,25.828299
1685,25.828295
1686,25.828291
1687,25.828288
1688,25.828284
1689,25.828280
1690,25.828277
1691,25.828273
1692,25.828269
1693,25.828266
1694,25.828262
1695,25.828259
1696,25.828255
1697,25.828251
1698,25.828248
1699,25.828244
1700,25.828240
1701,25.828237
1702,25.828233
1703,25.828229
1704,25.828226
1705,25.828222
1706,25.828219
1707,25.828215
1708,25.828211
1709,25.828208
1710,25.828204
1711,25.828200
1712,25.828197
1713,25.828193
1714,25.828190
1715,25.828186
1716,25.828182
1717,25.828179
1718,25.828175
1719,25.828172
1720,25.828168
1721,25.828164
1722,25.828161
1723,25.828157
1724,25.828153
1725,25.828150
1726,25.828146
1727,25.828143
1728,25.828139
1729,25.828135
1730,25.828132
1731,25.828128
1732,25.828125
1733,25.828121
1734,25.828118
1735,25.828114
1736,25.828110
1737,25.828107
1738,25.828103
1739,25.828100
1740,25.828096
1741,25.828092
1742,25.828089
1743,25.828085
1744,25.828082
1745,25.828078
1746,25.828074
1747,25.828071
1748,25.828067
1749,25.828064
1750,25.828060
1751,25.828057
1752,25.828053
1753,25.828049
1754,25.828046
1755,25.828042
1756,25.828039
1757,25.828035
1758,25.828032
1759,25.828028
1760,25.828024
1761,25.828021
1762,25.828017
1763,25.828014
1764,25.828010
1765,25.828007
1766,25.828003
1767,25.828000
1768,25.827996
1769,25.827992
1770,25.827989
1771,25.827985
1772,25.827982
1773,25.827978
1774,25.827975
1775,25.827971
1776,25.827968
1777,25.827964
1778,25.827960
1779,25.827957
1780,25.827953
1781,25.827950
1782,25.827946
1783,25.827943
1784,25.827939
1785,25.827936
1786,25.827932
1787,25.827929
1788,25.827925
1789,25.827922
1790,25.827918
1791,25.827914
1792,25.827911
1793,25.827907
1794,25.827904
1795,25.827900
1796,25.827897
1797,25.827893
1798,25.827890
1799,25.827886
1800,25.827883
1801,25.827879
1802,25.827876
1803,25.827872
1804,25.827869
1805,25.827865
1806,25.827862
1807,25.827858
1808,25.827855
1809,25.827851
1810,25.827848
1811,25.827844
1812,25.827841
1813,25.827837
1814,25.827834
1815,25.827830
1816,25.827827
1817,25.827823
1818,25.827820
1819,25.827816
1820,25.827813
1821,25.827809
1822,25.827806
1823,25.827802
1824,25.827799
1825,25.827795
1826,25.827792
1827,25.827788
1828,25.827785
1829,25.827781
1830,25.827778
1831,25.827774
1832,25.827771
1833,25.827767
1834,25.827764
1835,25.827760
1836,25.827757
1837,25.827753
1838,25.827750
1839,25.827746
1840,25.827743
1841,25.827739
1842,25.827736
1843,25.827732
1844,25.827729
1845,25.827725
1846,25.827722
1847,25.827718
1848,25.827715
1849,25.827712
1850,25.827708
1851,25.827705
1852,25.827701
1853,25.827698
1854,25.827694
1855,25.827691
1856,25.827687
1857,25.827684
1858,25.827680
1859,25.827677
1860,25.827673
1861,25.827670
1862,25.827667
1863,25.827663
1864,25.827660
1865,25.827656
1866,25.827653
1867,25.827649
1868,25.827646
1869,25.827642
1870,25.827639
1871,25.827635
1872,25.827632
1873,25.827629
1874,25.827625
1875,25.827622
1876,25.827618
1877,25.827615
1878,25.827611
1879,25.827608
1880,25.827604
1881,25.827601
1882,25.827598
1883,25.827594
1884,25.827591
1885,25.827587
1886,25.827584
1887,25.827580
1888,25.827577
1889,25.827574
1890,25.827570
1891,25.827567
1892,25.827563
1893,25.827560
1894,25.827557
1895,25.827553
1896,25.827550
1897,25.827546
1898,25.827543
1899,25.827539
1900,25.827536
1901,25.827533
1902,25.827529
1903,25.827526
1904,25.827522
1905,25.827519
1906,25.827516
1907,25.827512
1908,25.827509
1909,25.827505
1910,25.827502
1911,25.827498
1912,25.827495
1913,25.827492
1914,25.827488
1915,25.827485
1916,25.827481
1917,25.827478
1918,25.827475
1919,25.827471
1920,25.827468
1921,25.827465
1922,25.827461
1923,25.827458
1924,25.827454
1925,25.827451
1926,25.827448
1927,25.827444
1928,25.827441
1929,25.827437
1930,25.827434
1931,25.827431
1932,25.827427
1933,25.827424
1934,25.827420
1935,25.827417
1936,25.827414
1937,25.827410
1938,25.827407
1939,25.827404
1940,25.827400
1941,25.827397
1942,25.827393
1943,25.827390
1944,25.827387
1945,25.827383
1946,25.827380
1947,25.827377
1948,25.827373
1949,25.827370
1950,25.827367
1951,25.827363
1952,25.827360
1953,25.827356
1954,25.827353
1955,25.827350
1956,25.827346
1957,25.827343
1958,25.827340
1959,25.827336
1960,25.827333
1961,25.827330
1962,25.827326
1963,25.827323
1964,25.827320
1965,25.827316
1966,25.827313
1967,25.827310
1968,25.827306
1969,25.827303
1970,25.827299
1971,25.827296
1972,25.827293
1973,25.827289
1974,25.827286
1975,25.827283
1976,25.827279
1977,25.827276
1978,25.827273
1979,25.827269
1980,25.827266
1981,25.827263
1982,25.827259
1983,25.827256
1984,25.827253
1985,25.827249
1986,25.827246
1987,25.827243
1988,25.827239
1989,25.827236
1990,25.827233
1991,25.827230
1992,25.827226
1993,25.827223
1994,25.827220
1995,25.827216
1996,25.827213
1997,25.827210
1998,25.827206
1999,25.827203
2000,25.827200
2001,25.827196
2002,25.827193
2003,25.827190
2004,25.827186
2005,25.827183
2006,25.827180
2007,25.827176
2008,25.827173
2009,25.827170
2010,25.827167
2011,25.827163
2012,25.827160
2013,25.827157
2014,25.827153
2015,25.827150
2016,25.827147
2017,25.827143
2018,25.827140
2019,25.827137
2020,25.827134
2021,25.827130
2022,25.827127
2023,25.827124
2024,25.827120
2025,25.827117
2026,25.827114
2027,25.827111
2028,25.827107
2029,25.827104
2030,25.827101
2031,25.827097
2032,25.827094
2033,25.827091
2034,25.827088
2035,25.827084
2036,25.827081
2037,25.827078
2038,25.827074
2039,25.827071
2040,25.827068
2041,25.827065
2042,25.827061
2043,25.827058
2044,25.827055
2045,25.827052
2046,25.827048
2047,25.827045
2048,25.827042
2049,25.827038
2050,25.827035
2051,25.827032
2052,25.827029
2053,25.827025
2054,25.827022
2055,25.827019
2056,25.827016
2057,25.827012
2058,25.827009
2059,25.827006
2060,25.827003
2061,25.826999
2062,25.826996
2063,25.826993
2064,25.826990
2065,25.826986
2066,25.826983
2067,25.826980
2068,25.826977
2069,25.826973
2070,25.826970
2071,25.826967
2072,25.826964
2073,25.826960
2074,25.826957
2075,25.826954
2076,25.826951
2077,25.826947
2078,25.826944
2079,25.826941
2080,25.826938
2081,25.826935
2082,25.826931
2083,25.826928
2084,25.826925
2085,25.826922
2086,25.826918
2087,25.826915
2088,25.826912
2089,25.826909
2090,25.826905
2091,25.826902
2092,25.826899
2093,25.826896
2094,25.826893
2095,25.826889
2096,25.826886
2097,25.826883
2098,25.826880
2099,25.826876
2100,25.826873
2101,25.826870
2102,25.826867
2103,25.826864
2104,25.826860
2105,25.826857
2106,25.826854
2107,25.826851
2108,25.826848
2109,25.826844
2110,25.826841
2111,25.826838
2112,25.826835
2113,25.826832
2114,25.826828
2115,25.826825
2116,25.826822
2117,25.826819
2118,25.826816
2119,25.826812
2120,25.826809
2121,25.826806
2122,25.826803
2123,25.826800
2124,25.826796
2125,25.826793
2126,25.826790
2127,25.826787
2128,25.826784
2129,25.826780
2130,25.826777
2131,25.826774
2132,25.826771
2133,25.826768
2134,25.826764
2135,25.826761
2136,25.826758
2137,25.826755
2138,25.826752
2139,25.826749
2140,25.826745
2141,25.826742
2142,25.826739
2143,25.826736
2144,25.826733
2145,25.826730
2146,25.826726
2147,25.826723
2148,25.826720
2149,25.826717
2150,25.826714
2151,25.826711
2152,25.826707
2153,25.826704
2154,25.826701
2155,25.826698
2156,25.826695
2157,25.826692
2158,25.826688
2159,25.826685
2160,25.826682
2161,25.826679
2162,25.826676
2163,25.826673
2164,25.826669
2165,25.826666
2166,25.826663
2167,25.826660
2168,25.826657
2169,25.826654
2170,25.826650
2171,25.826647
2172,25.826644
2173,25.826641
2174,25.826638
2175,25.826635
2176,25.826632
2177,25.826628
2178,25.826625
2179,25.826622
2180,25.826619
2181,25.826616
2182,25.826613
2183,25.826610
2184,25.826607
2185,25.826603
2186,25.826600
2187,25.826597
2188,25.826594
2189,25.826591
2190,25.826588
2191,25.826585
2192,25.826581
2193,25.826578
2194,25.826575
2195,25.826572
2196,25.826569
2197,25.826566
2198,25.826563
2199,25.826560
2200,25.826556
2201,25.826553
2202,25.826550
2203,25.826547
2204,25.826544
2205,25.826541
2206,25.826538
2207,25.826535
2208,25.826532
2209,25.826528
2210,25.826525
2211,25.826522
2212,25.826519
2213,25.826516
2214,25.826513
2215,25.826510
2216,25.826507
2217,25.826504
2218,25.826500
2219,25.826497
2220,25.826494
2221,25.826491
2222,25.826488
2223,25.826485
2224,25.826482
2225,25.826479
2226,25.826476
2227,25.826473
2228,25.826469
2229,25.826466
2230,25.826463
2231,25.826460
2232,25.826457
2233,25.826454
2234,25.826451
2235,25.826448
2236,25.826445
2237,25.826442
2238,25.826438
2239,25.826435
2240,25.826432
2241,25.826429
2242,25.826426
2243,25.826423
2244,25.826420
2245,25.826417
2246,25.826414
2247,25.826411
2248,25.826408
2249,25.826405
2250,25.826402
2251,25.826398
2252,25.826395
2253,25.826392
2254,25.826389
2255,25.826386
2256,25.826383
2257,25.826380
2258,25.826377
2259,25.826374
2260,25.826371
2261,25.826368
2262,25.826365
2263,25.826362
2264,25.826359
2265,25.826355
2266,25.826352
2267,25.826349
2268,25.826346
2269,25.826343
2270,25.826340
2271,25.826337
2272,25.826334
2273,25.826331
2274,25.826328
2275,25.826325
2276,25.826322
2277,25.826319
2278,25.826316
2279,25.826313
2280,25.826310
2281,25.826307
2282,25.826304
2283,25.826301
2284,25.826297
2285,25.826294
2286,25.826291
2287,25.826288
2288,25.826285
2289,25.826282
2290,25.826279
2291,25.826276
2292,25.826273
2293,25.826270
2294,25.826267
2295,25.826264
2296,25.826261
2297,25.826258
2298,25.826255
2299,25.826252
2300,25.826249
2301,25.826246
2302,25.826243
2303,25.826240
2304,25.826237
2305,25.826234
2306,25.826231
2307,25.826228
2308,25.826225
2309,25.826222
2310,25.826219
2311,25.826216
2312,25.826213
2313,25.826210
2314,25.826207
2315,25.826204
2316,25.826201
2317,25.826197
2318,25.826194
2319,25.826191
2320,25.826188
2321,25.826185
2322,25.826182
2323,25.826179
2324,25.826176
2325,25.826173
2326,25.826170
2327,25.826167
2328,25.826164
2329,25.826161
2330,25.826158
2331,25.826155
2332,25.826152
2333,25.826149
2334,25.826146
2335,25.826143
2336,25.826140
2337,25.826137
2338,25.826134
2339,25.826131
2340,25.826128
2341,25.826125
2342,25.826122
2343,25.826119
2344,25.826116
2345,25.826113
2346,25.826110
2347,25.826107
2348,25.826104
2349,25.826101
2350,25.826098
2351,25.826095
2352,25.826092
2353,25.826090
2354,25.826087
2355,25.826084
2356,25.826081
2357,25.826078
2358,25.826075
2359,25.826072
2360,25.826069
2361,25.826066
2362,25.826063
2363,25.826060
2364,25.826057
2365,25.826054
2366,25.826051
2367,25.826048
2368,25.826045
2369,25.826042
2370,25.826039
2371,25.826036
2372,25.826033
2373,25.826030
2374,25.826027
2375,25.826024
2376,25.826021
2377,25.826018
2378,25.826015
2379,25.826012
2380,25.826009
2381,25.826006
2382,25.826003
2383,25.826000
2384,25.825997
2385,25.825994
2386,25.825992
2387,25.825989
2388,25.825986
2389,25.825983
2390,25.825980
2391,25.825977
2392,25.825974
2393,25.825971
2394,25.825968
2395,25.825965
2396,25.825962
2397,25.825959
2398,25.825956
2399,25.825953
2400,25.825950
2401,25.825947
2402,25.825944
2403,25.825941
2404,25.825938
2405,25.825936
2406,25.825933
2407,25.825930
2408,25.825927
2409,25.825924
2410,25.825921
2411,25.825918
2412,25.825915
2413,25.825912
2414,25.825909
2415,25.825906
2416,25.825903
2417,25.825900
2418,25.825897
2419,25.825894
2420,25.825892
2421,25.825889
2422,25.825886
2423,25.825883
2424,25.825880
2425,25.825877
2426,25.825874
2427,25.825871
2428,25.825868
2429,25.825865
2430,25.825862
2431,25.825859
2432,25.825857
2433,25.825854
2434,25.825851
2435,25.825848
2436,25.825845
2437,25.825842
2438,25.825839
2439,25.825836
2440,25.825833
2441,25.825830
2442,25.825827
2443,25.825825
2444,25.825822
2445,25.825819
2446,25.825816
2447,25.825813
2448,25.825810
2449,25.825807
2450,25.825804
2451,25.825801
2452,25.825798
2453,25.825795
2454,25.825793
2455,25.825790
2456,25.825787
2457,25.825784
2458,25.825781
2459,25.825778
2460,25.825775
2461,25.825772
2462,25.825769
2463,25.825767
2464,25.825764
2465,25.825761
2466,25.825758
2467,25.825755
2468,25.825752
2469,25.825749
2470,25.825746
2471,25.825743
2472,25.825741
2473,25.825738
2474,25.825735
2475,25.825732
2476,25.825729
2477,25.825726
2478,25.825723
2479,25.825720
2480,25.825718
2481,25.825715
2482,25.825712
2483,25.825709
2484,25.825706
2485,25.825703
2486,25.825700
2487,25.825697
2488,25.825695
2489,25.825692
2490,25.825689
2491,25.825686
2492,25.825683
2493,25.825680
2494,25.825677
2495,25.825675
2496,25.825672
2497,25.825669
2498,25.825666
2499,25.825663
2500,25.825660
2501,25.825657
2502,25.825655
2503,25.825652
2504,25.825649
2505,25.825646
2506,25.825643
2507,25.825640
2508,25.825637
2509,25.825635
2510,25.825632
2511,25.825629
2512,25.825626
2513,25.825623
2514,25.825620
2515,25.825617
2516,25.825615
2517,25.825612
2518,25.825609
2519,25.825606
2520,25.825603
2521,25.825600
2522,25.825598
2523,25.825595
2524,25.825592
2525,25.825589
2526,25.825586
2527,25.825583
2528,25.825581
2529,25.825578
2530,25.825575
2531,25.825572
2532,25.825569
2533,25.825566
2534,25.825564
2535,25.825561
2536,25.825558
2537,25.825555
2538,25.825552
2539,25.825549
2540,25.825547
2541,25.825544
2542,25.825541
2543,25.825538
2544,25.825535
2545,25.825532
2546,25.825530
2547,25.825527
2548,25.825524
2549,25.825521
2550,25.825518
2551,25.825516
2552,25.825513
2553,25.825510
2554,25.825507
2555,25.825504
2556,25.825502
2557,25.825499
2558,25.825496
2559,25.825493
2560,25.825490
2561,25.825487
2562,25.825485
2563,25.825482
2564,25.825479
2565,25.825476
2566,25.825473
2567,25.825471
2568,25.825468
2569,25.825465
2570,25.825462
2571,25.825459
2572,25.825457
2573,25.825454
2574,25.825451
2575,25.825448
2576,25.825445
2577,25.825443
2578,25.825440
2579,25.825437
2580,25.825434
2581,25.825431
2582,25.825429
2583,25.825426
2584,25.825423
2585,25.825420
2586,25.825418
2587,25.825415
2588,25.825412
2589,25.825409
2590,25.825406
2591,25.825404
2592,25.825401
2593,25.825398
2594,25.825395
2595,25.825392
2596,25.825390
2597,25.825387
2598,25.825384
2599,25.825381
2600,25.825379
2601,25.825376
2602,25.825373
2603,25.825370
2604,25.825368
2605,25.825365
2606,25.825362
2607,25.825359
2608,25.825356
2609,25.825354
2610,25.825351
2611,25.825348
2612,25.825345
2613,25.825343
2614,25.825340
2615,25.825337
2616,25.825334
2617,25.825332
2618,25.825329
2619,25.825326
2620,25.825323
2621,25.825320
2622,25.825318
2623,25.825315
2624,25.825312
2625,25.825309
2626,25.825307
2627,25.825304
2628,25.825301
2629,25.825298
2630,25.825296
2631,25.825293
2632,25.825290
2633,25.825287
2634,25.825285
2635,25.825282
2636,25.825279
2637,25.825276
2638,25.825274
2639,25.825271
2640,25.825268
2641,25.825265
2642,25.825263
2643,25.825260
2644,25.825257
2645,25.825255
2646,25.825252
2647,25.825249
2648,25.825246
2649,25.825244
2650,25.825241
2651,25.825238
2652,25.825235
2653,25.825233
2654,25.825230
2655,25.825227
2656,25.825224
2657,25.825222
2658,25.825219
2659,25.825216
2660,25.825214
2661,25.825211
2662,25.825208
2663,25.825205
2664,25.825203
2665,25.825200
2666,25.825197
2667,25.825194
2668,25.825192
2669,25.825189
2670,25.825186
2671,25.825184
2672,25.825181
2673,25.825178
2674,25.825175
2675,25.825173
2676,25.825170
2677,25.825167
2678,25.825165
2679,25.825162
2680,25.825159
2681,25.825156
2682,25.825154
2683,25.825151
2684,25.825148
2685,25.825146
2686,25.825143
2687,25.825140
2688,25.825137
2689,25.825135
2690,25.825132
2691,25.825129
2692,25.825127
2693,25.825124
2694,25.825121
2695,25.825119
2696,25.825116
2697,25.825113
2698,25.825110
2699,25.825108
2700,25.825105
2701,25.825102
2702,25.825100
2703,25.825097
2704,25.825094
2705,25.825092
2706,25.825089
2707,25.825086
2708,25.825084
2709,25.825081
2710,25.825078
2711,25.825075
2712,25.825073
2713,25.825070
2714,25.825067
2715,25.825065
2716,25.825062
2717,25.825059
2718,25.825057
2719,25.825054
2720,25.825051
2721,25.825049
2722,25.825046
2723,25.825043
2724,25.825041
2725,25.825038
2726,25.825035
2727,25.825033
2728,25.825030
2729,25.825027
2730,25.825025
2731,25.825022
2732,25.825019
2733,25.825016
2734,25.825014
2735,25.825011
2736,25.825008
2737,25.825006
2738,25.825003
2739,25.825000
2740,25.824998
2741,25.824995
2742,25.824992
2743,25.824990
2744,25.824987
2745,25.824985
2746,25.824982
2747,25.824979
2748,25.824977
2749,25.824974
2750,25.824971
2751,25.824969
2752,25.824966
2753,25.824963
2754,25.824961
2755,25.824958
2756,25.824955
2757,25.824953
2758,25.824950
2759,25.824947
2760,25.824945
2761,25.824942
2762,25.824939
2763,25.824937
2764,25.824934
2765,25.824931
2766,25.824929
2767,25.824926
2768,25.824924
2769,25.824921
2770,25.824918
2771,25.824916
2772,25.824913
2773,25.824910
2774,25.824908
2775,25.824905
2776,25.824902
2777,25.824900
2778,25.824897
2779,25.824894
2780,25.824892
2781,25.824889
2782,25.824887
2783,25.824884
2784,25.824881
2785,25.824879
2786,25.824876
2787,25.824873
2788,25.824871
2789,25.824868
2790,25.824866
2791,25.824863
2792,25.824860
2793,25.824858
2794,25.824855
2795,25.824852
2796,25.824850
2797,25.824847
2798,25.824845
2799,25.824842
2800,25.824839
2801,25.824837
2802,25.824834
2803,25.824831
2804,25.824829
2805,25.824826
2806,25.824824
2807,25.824821
2808,25.824818
2809,25.824816
2810,25.824813
2811,25.824811
2812,25.824808
2813,25.824805
2814,25.824803
2815,25.824800
2816,25.824797
2817,25.824795
2818,25.824792
2819,25.824790
2820,25.824787
2821,25.824784
2822,25.824782
2823,25.824779
2824,25.824777
2825,25.824774
2826,25.824771
2827,25.824769
2828,25.824766
2829,25.824764
2830,25.824761
2831,25.824758
2832,25.824756
2833,25.824753
2834,25.824751
2835,25.824748
2836,25.824745
2837,25.824743
2838,25.824740
2839,25.824738
2840,25.824735
2841,25.824733
2842,25.824730
2843,25.824727
2844,25.824725
2845,25.824722
2846,25.824720
2847,25.824717
2848,25.824714
2849,25.824712
2850,25.824709
2851,25.824707
2852,25.824704
2853,25.824702
2854,25.824699
2855,25.824696
2856,25.824694
2857,25.824691
2858,25.824689
2859,25.824686
2860,25.824683
2861,25.824681
2862,25.824678
2863,25.824676
2864,25.824673
2865,25.824671
2866,25.824668
2867,25.824665
2868,25.824663
2869,25.824660
2870,25.824658
2871,25.824655
2872,25.824653
2873,25.824650
2874,25.824648
2875,25.824645
2876,25.824642
2877,25.824640
2878,25.824637
2879,25.824635
2880,25.824632
2881,25.824630
2882,25.824627
2883,25.824624
2884,25.824622
2885,25.824619
2886,25.824617
2887,25.824614
2888,25.824612
2889,25.824609
2890,25.824607
2891,25.824604
2892,25.824601
2893,25.824599
2894,25.824596
2895,25.824594
2896,25.824591
2897,25.824589
2898,25.824586
2899,25.824584
2900,25.824581
2901,25.824579
2902,25.824576
2903,25.824573
2904,25.824571
2905,25.824568
2906,25.824566
2907,25.824563
2908,25.824561
2909,25.824558
2910,25.824556
2911,25.824553
2912,25.824551
2913,25.824548
2914,25.824546
2915,25.824543
2916,25.824540
2917,25.824538
2918,25.824535
2919,25.824533
2920,25.824530
2921,25.824528
2922,25.824525
2923,25.824523
2924,25.824520
2925,25.824518
2926,25.824515
2927,25.824513
2928,25.824510
2929,25.824508
2930,25.824505
2931,25.824503
2932,25.824500
2933,25.824498
2934,25.824495
2935,25.824492
2936,25.824490
2937,25.824487
2938,25.824485
2939,25.824482
2940,25.824480
2941,25.824477
2942,25.824475
2943,25.824472
2944,25.824470
2945,25.824467
2946,25.824465
2947,25.824462
2948,25.824460
2949,25.824457
2950,25.824455
2951,25.824452
2952,25.824450
2953,25.824447
2954,25.824445
2955,25.824442
2956,25.824440
2957,25.824437
2958,25.824435
2959,25.824432
2960,25.824430
2961,25.824427
2962,25.824425
2963,25.824422
2964,25.824420
2965,25.824417
2966,25.824415
2967,25.824412
2968,25.824410
2969,25.824407
2970,25.824405
2971,25.824402
2972,25.824400
2973,25.824397
2974,25.824395
2975,25.824392
2976,25.824390
2977,25.824387
2978,25.824385
2979,25.824382
2980,25.824380
2981,25.824377
2982,25.824375
2983,25.824372
2984,25.824370
2985,25.824367
2986,25.824365
2987,25.824362
2988,25.824360
2989,25.824357
2990,25.824355
2991,25.824353
2992,25.824350
2993,25.824348
2994,25.824345
2995,25.824343
2996,25.824340
2997,25.824338
2998,25.824335
2999,25.824333
3000,25.824330
3001,25.824328
3002,25.824325
3003,25.824323
3004,25.824320
3005,25.824318
3006,25.824315
3007,25.824313
3008,25.824310
3009,25.824308
3010,25.824306
3011,25.824303
3012,25.824301
3013,25.824298
3014,25.824296
3015,25.824293
3016,25.824291
3017,25.824288
3018,25.824286
3019,25.824283
3020,25.824281
3021,25.824278
3022,25.824276
3023,25.824274
3024,25.824271
3025,25.824269
3026,25.824266
3027,25.824264
3028,25.824261
3029,25.824259
3030,25.824256
3031,25.824254
3032,25.824251
3033,25.824249
3034,25.824247
3035,25.824244
3036,25.824242
3037,25.824239
3038,25.824237
3039,25.824234
3040,25.824232
3041,25.824229
3042,25.824227
3043,25.824225
3044,25.824222
3045,25.824220
3046,25.824217
3047,25.824215
3048,25.824212
3049,25.824210
3050,25.824207
3051,25.824205
3052,25.824203
3053,25.824200
3054,25.824198
3055,25.824195
3056,25.824193
3057,25.824190
3058,25.824188
3059,25.824186
3060,25.824183
3061,25.824181
3062,25.824178
3063,25.824176
3064,25.824173
3065,25.824171
3066,25.824169
3067,25.824166
3068,25.824164
3069,25.824161
3070,25.824159
3071,25.824156
3072,25.824154
3073,25.824152
3074,25.824149
3075,25.824147
3076,25.824144
3077,25.824142
3078,25.824140
3079,25.824137
3080,25.824135
3081,25.824132
3082,25.824130
3083,25.824127
3084,25.824125
3085,25.824123
3086,25.824120
3087,25.824118
3088,25.824115
3089,25.824113
3090,25.824111
3091,25.824108
3092,25.824106
3093,25.824103
3094,25.824101
3095,25.824098
3096,25.824096
3097,25.824094
3098,25.824091
3099,25.824089
3100,25.824086
3101,25.824084
3102,25.824082
3103,25.824079
3104,25.824077
3105,25.824074
3106,25.824072
3107,25.824070
3108,25.824067
3109,25.824065
3110,25.824062
3111,25.824060
3112,25.824058
3113,25.824055
3114,25.824053
3115,25.824051
3116,25.824048
3117,25.824046
3118,25.824043
3119,25.824041
3120,25.824039
3121,25.824036
3122,25.824034
3123,25.824031
3124,25.824029
3125,25.824027
3126,25.824024
3127,25.824022
3128,25.824019
3129,25.824017
3130,25.824015
3131,25.824012
3132,25.824010
3133,25.824008
3134,25.824005
3135,25.824003
3136,25.824000
3137,25.823998
3138,25.823996
3139,25.823993
3140,25.823991
3141,25.823989
3142,25.823986
3143,25.823984
3144,25.823981
3145,25.823979
3146,25.823977
3147,25.823974
3148,25.823972
3149,25.823970
3150,25.823967
3151,25.823965
3152,25.823962
3153,25.823960
3154,25.823958
3155,25.823955
3156,25.823953
3157,25.823951
3158,25.823948
3159,25.823946
3160,25.823944
3161,25.823941
3162,25.823939
3163,25.823936
3164,25.823934
3165,25.823932
3166,25.823929
3167,25.823927
3168,25.823925
3169,25.823922
3170,25.823920
3171,25.823918
3172,25.823915
3173,25.823913
3174,25.823911
3175,25.823908
3176,25.823906
3177,25.823903
3178,25.823901
3179,25.823899
3180,25.823896
3181,25.823894
3182,25.823892
3183,25.823889
3184,25.823887
3185,25.823885
3186,25.823882
3187,25.823880
3188,25.823878
3189,25.823875
3190,25.823873
3191,25.823871
3192,25.823868
3193,25.823866
3194,25.823864
3195,25.823861
3196,25.823859
3197,25.823857
3198,25.823854
3199,25.823852
3200,25.823850
3201,25.823847
3202,25.823845
3203,25.823843
3204,25.823840
3205,25.823838
3206,25.823836
3207,25.823833
3208,25.823831
3209,25.823829
3210,25.823826
3211,25.823824
3212,25.823822
3213,25.823819
3214,25.823817
3215,25.823815
3216,25.823812
3217,25.823810
3218,25.823808
3219,25.823805
3220,25.823803
3221,25.823801
3222,25.823798
3223,25.823796
3224,25.823794
3225,25.823791
3226,25.823789
3227,25.823787
3228,25.823784
3229,25.823782
3230,25.823780
3231,25.823777
3232,25.823775
3233,25.823773
3234,25.823771
3235,25.823768
3236,25.823766
3237,25.823764
3238,25.823761
3239,25.823759
3240,25.823757
3241,25.823754
3242,25.823752
3243,25.823750
3244,25.823747
3245,25.823745
3246,25.823743
3247,25.823741
3248,25.823738
3249,25.823736
3250,25.823734
3251,25.823731
3252,25.823729
3253,25.823727
3254,25.823724
3255,25.823722
3256,25.823720
3257,25.823717
3258,25.823715
3259,25.823713
3260,25.823711
3261,25.823708
3262,25.823706
3263,25.823704
3264,25.823701
3265,25.823699
3266,25.823697
3267,25.823695
3268,25.823692
3269,25.823690
3270,25.823688
3271,25.823685
3272,25.823683
3273,25.823681
3274,25.823679
3275,25.823676
3276,25.823674
3277,25.823672
3278,25.823669
3279,25.823667
3280,25.823665
3281,25.823663
3282,25.823660
3283,25.823658
3284,25.823656
3285,25.823653
3286,25.823651
3287,25.823649
3288,25.823647
3289,25.823644
3290,25.823642
3291,25.823640
3292,25.823637
3293,25.823635
3294,25.823633
3295,25.823631
3296,25.823628
3297,25.823626
3298,25.823624
3299,25.823622
3300,25.823619
3301,25.823617
3302,25.823615
3303,25.823612
3304,25.823610
3305,25.823608
3306,25.823606
3307,25.823603
3308,25.823601
3309,25.823599
3310,25.823597
3311,25.823594
3312,25.823592
3313,25.823590
3314,25.823588
3315,25.823585
3316,25.823583
3317,25.823581
3318,25.823579
3319,25.823576
3320,25.823574
3321,25.823572
3322,25.823569
3323,25.823567
3324,25.823565
3325,25.823563
3326,25.823560
3327,25.823558
3328,25.823556
3329,25.823554
3330,25.823551
3331,25.823549
3332,25.823547
3333,25.823545
3334,25.823542
3335,25.823540
3336,25.823538
3337,25.823536
3338,25.823533
3339,25.823531
3340,25.823529
3341,25.823527
3342,25.823524
3343,25.823522
3344,25.823520
3345,25.823518
3346,25.823516
3347,25.823513
3348,25.823511
3349,25.823509
3350,25.823507
3351,25.823504
3352,25.823502
3353,25.823500
3354,25.823498
3355,25.823495
3356,25.823493
3357,25.823491
3358,25.823489
3359,25.823486
3360,25.823484
3361,25.823482
3362,25.823480
3363,25.823478
3364,25.823475
3365,25.823473
3366,25.823471
3367,25.823469
3368,25.823466
3369,25.823464
3370,25.823462
3371,25.823460
3372,25.823457
3373,25.823455
3374,25.823453
3375,25.823451
3376,25.823449
3377,25.823446
3378,25.823444
3379,25.823442
3380,25.823440
3381,25.823437
3382,25.823435
3383,25.823433
3384,25.823431
3385,25.823429
3386,25.823426
3387,25.823424
3388,25.823422
3389,25.823420
3390,25.823418
3391,25.823415
3392,25.823413
3393,25.823411
3394,25.823409
3395,25.823406
3396,25.823404
3397,25.823402
3398,25.823400
3399,25.823398
3400,25.823395
3401,25.823393
3402,25.823391
3403,25.823389
3404,25.823387
3405,25.823384
3406,25.823382
3407,25.823380
3408,25.823378
3409,25.823376
3410,25.823373
3411,25.823371
3412,25.823369
3413,25.823367
3414,25.823365
3415,25.823362
3416,25.823360
3417,25.823358
3418,25.823356
3419,25.823354
3420,25.823351
3421,25.823349
3422,25.823347
3423,25.823345
3424,25.823343
3425,25.823340
3426,25.823338
3427,25.823336
3428,25.823334
3429,25.823332
3430,25.823329
3431,25.823327
3432,25.823325
3433,25.823323
3434,25.823321
3435,25.823319
3436,25.823316
3437,25.823314
3438,25.823312
3439,25.823310
3440,25.823308
3441,25.823305
3442,25.823303
3443,25.823301
3444,25.823299
3445,25.823297
3446,25.823295
3447,25.823292
3448,25.823290
3449,25.823288
3450,25.823286
3451,25.823284
3452,25.823281
3453,25.823279
3454,25.823277
3455,25.823275
3456,25.823273
3457,25.823271
3458,25.823268
3459,25.823266
3460,25.823264
3461,25.823262
3462,25.823260
3463,25.823258
3464,25.823255
3465,25.823253
3466,25.823251
3467,25.823249
3468,25.823247
3469,25.823245
3470,25.823242
3471,25.823240
3472,25.823238
3473,25.823236
3474,25.823234
3475,25.823232
3476,25.823229
3477,25.823227
3478,25.823225
3479,25.823223
3480,25.823221
3481,25.823219
3482,25.823217
3483,25.823214
3484,25.823212
3485,25.823210
3486,25.823208
3487,25.823206
3488,25.823204
3489,25.823201
3490,25.823199
3491,25.823197
3492,25.823195
3493,25.823193
3494,25.823191
3495,25.823189
3496,25.823186
3497,25.823184
3498,25.823182
3499,25.823180
3500,25.823178
3501,25.823176
3502,25.823174
3503,25.823171
3504,25.823169
3505,25.823167
3506,25.823165
3507,25.823163
3508,25.823161
3509,25.823159
3510,25.823156
3511,25.823154
3512,25.823152
3513,25.823150
3514,25.823148
3515,25.823146
3516,25.823144
3517,25.823141
3518,25.823139
3519,25.823137
3520,25.823135
3521,25.823133
3522,25.823131
3523,25.823129
3524,25.823126
3525,25.823124
3526,25.823122
3527,25.823120
3528,25.823118
3529,25.823116
3530,25.823114
3531,25.823112
3532,25.823109
3533,25.823107
3534,25.823105
3535,25.823103
3536,25.823101
3537,25.823099
3538,25.823097
3539,25.823095
3540,25.823092
3541,25.823090
3542,25.823088
3543,25.823086
3544,25.823084
3545,25.823082
3546,25.823080
3547,25.823078
3548,25.823075
3549,25.823073
3550,25.823071
3551,25.823069
3552,25.823067
3553,25.823065
3554,25.823063
3555,25.823061
3556,25.823059
3557,25.823056
3558,25.823054
3559,25.823052
3560,25.823050
3561,25.823048
3562,25.823046
3563,25.823044
3564,25.823042
3565,25.823040
3566,25.823037
3567,25.823035
3568,25.823033
3569,25.823031
3570,25.823029
3571,25.823027
3572,25.823025
3573,25.823023
3574,25.823021
3575,25.823019
3576,25.823016
3577,25.823014
3578,25.823012
3579,25.823010
3580,25.823008
3581,25.823006
3582,25.823004
3583,25.823002
3584,25.823000
3585,25.822998
3586,25.822995
3587,25.822993
3588,25.822991
3589,25.822989
3590,25.822987
3591,25.822985
3592,25.822983
3593,25.822981
3594,25.822979
3595,25.822977
3596,25.822975
3597,25.822972
3598,25.822970
3599,25.822968
3600,25.822966
3601,25.822964
3602,25.822962
3603,25.822960
3604,25.822958
3605,25.822956
3606,25.822954
3607,25.822952
3608,25.822950
3609,25.822947
3610,25.822945
3611,25.822943
3612,25.822941
3613,25.822939
3614,25.822937
3615,25.822935
3616,25.822933
3617,25.822931
3618,25.822929
3619,25.822927
3620,25.822925
3621,25.822923
3622,25.822920
3623,25.822918
3624,25.822916
3625,25.822914
3626,25.822912
3627,25.822910
3628,25.822908
3629,25.822906
3630,25.822904
3631,25.822902
3632,25.822900
3633,25.822898
3634,25.822896
3635,25.822894
3636,25.822891
3637,25.822889
3638,25.822887
3639,25.822885
3640,25.822883
3641,25.822881
3642,25.822879
3643,25.822877
3644,25.822875
3645,25.822873
3646,25.822871
3647,25.822869
3648,25.822867
3649,25.822865
3650,25.822863
3651,25.822861
3652,25.822858
3653,25.822856
3654,25.822854
3655,25.822852
3656,25.822850
3657,25.822848
3658,25.822846
3659,25.822844
3660,25.822842
3661,25.822840
3662,25.822838
3663,25.822836
3664,25.822834
3665,25.822832
3666,25.822830
3667,25.822828
3668,25.822826
3669,25.822824
3670,25.822822
3671,25.822820
3672,25.822817
3673,25.822815
3674,25.822813
3675,25.822811
3676,25.822809
3677,25.822807
3678,25.822805
3679,25.822803
3680,25.822801
3681,25.822799
3682,25.822797
3683,25.822795
3684,25.822793
3685,25.822791
3686,25.822789
3687,25.822787
3688,25.822785
3689,25.822783
3690,25.822781
3691,25.822779
3692,25.822777
3693,25.822775
3694,25.822773
3695,25.822771
3696,25.822769
3697,25.822767
3698,25.822764
3699,25.822762
3700,25.822760
3701,25.822758
3702,25.822756
3703,25.822754
3704,25.822752
3705,25.822750
3706,25.822748
3707,25.822746
3708,25.822744
3709,25.822742
3710,25.822740
3711,25.822738
3712,25.822736
3713,25.822734
3714,25.822732
3715,25.822730
3716,25.822728
3717,25.822726
3718,25.822724
3719,25.822722
3720,25.822720
3721,25.822718
3722,25.822716
3723,25.822714
3724,25.822712
3725,25.822710
3726,25.822708
3727,25.822706
3728,25.822704
3729,25.822702
3730,25.822700
3731,25.822698
3732,25.822696
3733,25.822694
3734,25.822692
3735,25.822690
3736,25.822688
3737,25.822686
3738,25.822684
3739,25.822682
3740,25.822680
3741,25.822678
3742,25.822676
3743,25.822674
3744,25.822672
3745,25.822670
3746,25.822668
3747,25.822666
3748,25.822664
3749,25.822662
3750,25.822660
3751,25.822658
3752,25.822656
3753,25.822654
3754,25.822652
3755,25.822650
3756,25.822648
3757,25.822646
3758,25.822644
3759,25.822642
3760,25.822640
3761,25.822638
3762,25.822636
3763,25.822634
3764,25.822632
3765,25.822630
3766,25.822628
3767,25.822626
3768,25.822624
3769,25.822622
3770,25.822620
3771,25.822618
3772,25.822616
3773,25.822614
3774,25.822612
3775,25.822610
3776,25.822608
3777,25.822606
3778,25.822604
3779,25.822602
3780,25.822600
3781,25.822598
3782,25.822596
3783,25.822594
3784,25.822592
3785,25.822590
3786,25.822588
3787,25.822586
3788,25.822584
3789,25.822582
3790,25.822580
3791,25.822578
3792,25.822576
3793,25.822574
3794,25.822572
3795,25.822570
3796,25.822568
3797,25.822566
3798,25.822564
3799,25.822562
3800,25.822560
3801,25.822558
3802,25.822556
3803,25.822554
3804,25.822552
3805,25.822550
3806,25.822548
3807,25.822547
3808,25.822545
3809,25.822543
3810,25.822541
3811,25.822539
3812,25.822537
3813,25.822535
3814,25.822533
3815,25.822531
3816,25.822529
3817,25.822527
3818,25.822525
3819,25.822523
3820,25.822521
3821,25.822519
3822,25.822517
3823,25.822515
3824,25.822513
3825,25.822511
3826,25.822509
3827,25.822507
3828,25.822505
3829,25.822503
3830,25.822501
3831,25.822499
3832,25.822497
3833,25.822495
3834,25.822494
3835,25.822492
3836,25.822490
3837,25.822488
3838,25.822486
3839,25.822484
3840,25.822482
3841,25.822480
3842,25.822478
3843,25.822476
3844,25.822474
3845,25.822472
3846,25.822470
3847,25.822468
3848,25.822466
3849,25.822464
3850,25.822462
3851,25.822460
3852,25.822458
3853,25.822456
3854,25.822455
3855,25.822453
3856,25.822451
3857,25.822449
3858,25.822447
3859,25.822445
3860,25.822443
3861,25.822441
3862,25.822439
3863,25.822437
3864,25.822435
3865,25.822433
3866,25.822431
3867,25.822429
3868,25.822427
3869,25.822425
3870,25.822423
3871,25.822422
3872,25.822420
3873,25.822418
3874,25.822416
3875,25.822414
3876,25.822412
3877,25.822410
3878,25.822408
3879,25.822406
3880,25.822404
3881,25.822402
3882,25.822400
3883,25.822398
3884,25.822396
3885,25.822395
3886,25.822393
3887,25.822391
3888,25.822389
3889,25.822387
3890,25.822385
3891,25.822383
3892,25.822381
3893,25.822379
3894,25.822377
3895,25.822375
3896,25.822373
3897,25.822371
3898,25.822369
3899,25.822368
3900,25.822366
3901,25.822364
3902,25.822362
3903,25.822360
3904,25.822358
3905,25.822356
3906,25.822354
3907,25.822352
3908,25.822350
3909,25.822348
3910,25.822346
3911,25.822345
3912,25.822343
3913,25.822341
3914,25.822339
3915,25.822337
3916,25.822335
3917,25.822333
3918,25.822331
3919,25.822329
3920,25.822327
3921,25.822325
3922,25.822324
3923,25.822322
3924,25.822320
3925,25.822318
3926,25.822316
3927,25.822314
3928,25.822312
3929,25.822310
3930,25.822308
3931,25.822306
3932,25.822304
3933,25.822303
3934,25.822301
3935,25.822299
3936,25.822297
3937,25.822295
3938,25.822293
3939,25.822291
3940,25.822289
3941,25.822287
3942,25.822285
3943,25.822284
3944,25.822282
3945,25.822280
3946,25.822278
3947,25.822276
3948,25.822274
3949,25.822272
3950,25.822270
3951,25.822268
3952,25.822267
3953,25.822265
3954,25.822263
3955,25.822261
3956,25.822259
3957,25.822257
3958,25.822255
3959,25.822253
3960,25.822251
3961,25.822250
3962,25.822248
3963,25.822246
3964,25.822244
3965,25.822242
3966,25.822240
3967,25.822238
3968,25.822236
3969,25.822234
3970,25.822233
3971,25.822231
3972,25.822229
3973,25.822227
3974,25.822225
3975,25.822223
3976,25.822221
3977,25.822219
3978,25.822218
3979,25.822216
3980,25.822214
3981,25.822212
3982,25.822210
3983,25.822208
3984,25.822206
3985,25.822204
3986,25.822202
3987,25.822201
3988,25.822199
3989,25.822197
3990,25.822195
3991,25.822193
3992,25.822191
3993,25.822189
3994,25.822188
3995,25.822186
3996,25.822184
3997,25.822182
3998,25.822180
3999,25.822178
4000,25.822176
4001,25.822174
4002,25.822173
4003,25.822171
4004,25.822169
4005,25.822167
4006,25.822165
4007,25.822163
4008,25.822161
4009,25.822160
4010,25.822158
4011,25.822156
4012,25.822154
4013,25.822152
4014,25.822150
4015,25.822148
4016,25.822146
4017,25.822145
4018,25.822143
4019,25.822141
4020,25.822139
4021,25.822137
4022,25.822135
4023,25.822133
4024,25.822132
4025,25.822130
4026,25.822128
4027,25.822126
4028,25.822124
4029,25.822122
4030,25.822121
4031,25.822119
4032,25.822117
4033,25.822115
4034,25.822113
4035,25.822111
4036,25.822109
4037,25.822108
4038,25.822106
4039,25.822104
4040,25.822102
4041,25.822100
4042,25.822098
4043,25.822096
4044,25.822095
4045,25.822093
4046,25.822091
4047,25.822089
4048,25.822087
4049,25.822085
4050,25.822084
4051,25.822082
4052,25.822080
4053,25.822078
4054,25.822076
4055,25.822074
4056,25.822073
4057,25.822071
4058,25.822069
4059,25.822067
4060,25.822065
4061,25.822063
4062,25.822061
4063,25.822060
4064,25.822058
4065,25.822056
4066,25.822054
4067,25.822052
4068,25.822050
4069,25.822049
4070,25.822047
4071,25.822045
4072,25.822043
4073,25.822041
4074,25.822039
4075,25.822038
4076,25.822036
4077,25.822034
4078,25.822032
4079,25.822030
4080,25.822029
4081,25.822027
4082,25.822025
4083,25.822023
4084,25.822021
4085,25.822019
4086,25.822018
4087,25.822016
4088,25.822014
4089,25.822012
4090,25.822010
4091,25.822008
4092,25.822007
4093,25.822005
4094,25.822003
4095,25.822001
4096,25.821999
4097,25.821998
4098,25.821996
4099,25.821994
4100,25.821992
4101,25.821990
4102,25.821988
4103,25.821987
4104,25.821985
4105,25.821983
4106,25.821981
4107,25.821979
4108,25.821978
4109,25.821976
4110,25.821974
4111,25.821972
4112,25.821970
4113,25.821968
4114,25.821967
4115,25.821965
4116,25.821963
4117,25.821961
4118,25.821959
4119,25.821958
4120,25.821956
4121,25.821954
4122,25.821952
4123,25.821950
4124,25.821949
4125,25.821947
4126,25.821945
4127,25.821943
4128,25.821941
4129,25.821940
4130,25.821938
4131,25.821936
4132,25.821934
4133,25.821932
4134,25.821931
4135,25.821929
4136,25.821927
4137,25.821925
4138,25.821923
4139,25.821922
4140,25.821920
4141,25.821918
4142,25.821916
4143,25.821914
4144,25.821913
4145,25.821911
4146,25.821909
4147,25.821907
4148,25.821905
4149,25.821904
4150,25.821902
4151,25.821900
4152,25.821898
4153,25.821896
4154,25.821895
4155,25.821893
4156,25.821891
4157,25.821889
4158,25.821888
4159,25.821886
4160,25.821884
4161,25.821882
4162,25.821880
4163,25.821879
4164,25.821877
4165,25.821875
4166,25.821873
4167,25.821871
4168,25.821870
4169,25.821868
4170,25.821866
4171,25.821864
4172,25.821863
4173,25.821861
4174,25.821859
4175,25.821857
4176,25.821855
4177,25.821854
4178,25.821852
4179,25.821850
4180,25.821848
4181,25.821847
4182,25.821845
4183,25.821843
4184,25.821841
4185,25.821839
4186,25.821838
4187,25.821836
4188,25.821834
4189,25.821832
4190,25.821831
4191,25.821829
4192,25.821827
4193,25.821825
4194,25.821823
4195,25.821822
4196,25.821820
4197,25.821818
4198,25.821816
4199,25.821815
4200,25.821813
4201,25.821811
4202,25.821809
4203,25.821808
4204,25.821806
4205,25.821804
4206,25.821802
4207,25.821800
4208,25.821799
4209,25.821797
4210,25.821795
4211,25.821793
4212,25.821792
4213,25.821790
4214,25.821788
4215,25.821786
4216,25.821785
4217,25.821783
4218,25.821781
4219,25.821779
4220,25.821778
4221,25.821776
4222,25.821774
4223,25.821772
4224,25.821771
4225,25.821769
4226,25.821767
4227,25.821765
4228,25.821764
4229,25.821762
4230,25.821760
4231,25.821758
4232,25.821756
4233,25.821755
4234,25.821753
4235,25.821751
4236,25.821749
4237,25.821748
4238,25.821746
4239,25.821744
4240,25.821742
4241,25.821741
4242,25.821739
4243,25.821737
4244,25.821735
4245,25.821734
4246,25.821732
4247,25.821730
4248,25.821729
4249,25.821727
4250,25.821725
4251,25.821723
4252,25.821722
4253,25.821720
4254,25.821718
4255,25.821716
4256,25.821715
4257,25.821713
4258,25.821711
4259,25.821709
4260,25.821708
4261,25.821706
4262,25.821704
4263,25.821702
4264,25.821701
4265,25.821699
4266,25.821697
4267,25.821695
4268,25.821694
4269,25.821692
4270,25.821690
4271,25.821688
4272,25.821687
4273,25.821685
4274,25.821683
4275,25.821682
4276,25.821680
4277,25.821678
4278,25.821676
4279,25.821675
4280,25.821673
4281,25.821671
4282,25.821669
4283,25.821668
4284,25.821666
4285,25.821664
4286,25.821663
4287,25.821661
4288,25.821659
4289,25.821657
4290,25.821656
4291,25.821654
4292,25.821652
4293,25.821650
4294,25.821649
4295,25.821647
4296,25.821645
4297,25.821644
4298,25.821642
4299,25.821640
4300,25.821638
4301,25.821637
4302,25.821635
4303,25.821633
4304,25.821632
4305,25.821630
4306,25.821628
4307,25.821626
4308,25.821625
4309,25.821623
4310,25.821621
4311,25.821619
4312,25.821618
4313,25.821616
4314,25.821614
4315,25.821613
4316,25.821611
4317,25.821609
4318,25.821607
4319,25.821606
4320,25.821604
4321,25.821602
4322,25.821601
4323,25.821599
4324,25.821597
4325,25.821596
4326,25.821594
4327,25.821592
4328,25.821590
4329,25.821589
4330,25.821587
4331,25.821585
4332,25.821584
4333,25.821582
4334,25.821580
4335,25.821578
4336,25.821577
4337,25.821575
4338,25.821573
4339,25.821572
4340,25.821570
4341,25.821568
4342,25.821567
4343,25.821565
4344,25.821563
4345,25.821561
4346,25.821560
4347,25.821558
4348,25.821556
4349,25.821555
4350,25.821553
4351,25.821551
4352,25.821550
4353,25.821548
4354,25.821546
4355,25.821544
4356,25.821543
4357,25.821541
4358,25.821539
4359,25.821538
4360,25.821536
4361,25.821534
4362,25.821533
4363,25.821531
4364,25.821529
4365,25.821528
4366,25.821526
4367,25.821524
4368,25.821522
4369,25.821521
4370,25.821519
4371,25.821517
4372,25.821516
4373,25.821514
4374,25.821512
4375,25.821511
4376,25.821509
4377,25.821507
4378,25.821506
4379,25.821504
4380,25.821502
4381,25.821501
4382,25.821499
4383,25.821497
4384,25.821495
4385,25.821494
4386,25.821492
4387,25.821490
4388,25.821489
4389,25.821487
4390,25.821485
4391,25.821484
4392,25.821482
4393,25.821480
4394,25.821479
4395,25.821477
4396,25.821475
4397,25.821474
4398,25.821472
4399,25.821470
4400,25.821469
4401,25.821467
4402,25.821465
4403,25.821464
4404,25.821462
4405,25.821460
4406,25.821459
4407,25.821457
4408,25.821455
4409,25.821454
4410,25.821452
4411,25.821450
4412,25.821449
4413,25.821447
4414,25.821445
4415,25.821444
4416,25.821442
4417,25.821440
4418,25.821439
4419,25.821437
4420,25.821435
4421,25.821434
4422,25.821432
4423,25.821430
4424,25.821429
4425,25.821427
4426,25.821425
4427,25.821424
4428,25.821422
4429,25.821420
4430,25.821419
4431,25.821417
4432,25.821415
4433,25.821414
4434,25.821412
4435,25.821410
4436,25.821409
4437,25.821407
4438,25.821405
4439,25.821404
4440,25.821402
4441,25.821400
4442,25.821399
4443,25.821397
4444,25.821395
4445,25.821394
4446,25.821392
4447,25.821390
4448,25.821389
4449,25.821387
4450,25.821385
4451,25.821384
4452,25.821382
4453,25.821380
4454,25.821379
4455,25.821377
4456,25.821376
4457,25.821374
4458,25.821372
4459,25.821371
4460,25.821369
4461,25.821367
4462,25.821366
4463,25.821364
4464,25.821362
4465,25.821361
4466,25.821359
4467,25.821357
4468,25.821356
4469,25.821354
4470,25.821352
4471,25.821351
4472,25.821349
4473,25.821348
4474,25.821346
4475,25.821344
4476,25.821343
4477,25.821341
4478,25.821339
4479,25.821338
4480,25.821336
4481,25.821334
4482,25.821333
4483,25.821331
4484,25.821329
4485,25.821328
4486,25.821326
4487,25.821325
4488,25.821323
4489,25.821321
4490,25.821320
4491,25.821318
4492,25.821316
4493,25.821315
4494,25.821313
4495,25.821312
4496,25.821310
4497,25.821308
4498,25.821307
4499,25.821305
4500,25.821303
4501,25.821302
4502,25.821300
4503,25.821298
4504,25.821297
4505,25.821295
4506,25.821294
4507,25.821292
4508,25.821290
4509,25.821289
4510,25.821287
4511,25.821285
4512,25.821284
4513,25.821282
4514,25.821281
4515,25.821279
4516,25.821277
4517,25.821276
4518,25.821274
4519,25.821272
4520,25.821271
4521,25.821269
4522,25.821268
4523,25.821266
4524,25.821264
4525,25.821263
4526,25.821261
4527,25.821259
4528,25.821258
4529,25.821256
4530,25.821255
4531,25.821253
4532,25.821251
4533,25.821250
4534,25.821248
4535,25.821247
4536,25.821245
4537,25.821243
4538,25.821242
4539,25.821240
4540,25.821238
4541,25.821237
4542,25.821235
4543,25.821234
4544,25.821232
4545,25.821230
4546,25.821229
4547,25.821227
4548,25.821226
4549,25.821224
4550,25.821222
4551,25.821221
4552,25.821219
4553,25.821218
4554,25.821216
4555,25.821214
4556,25.821213
4557,25.821211
4558,25.821210
4559,25.821208
4560,25.821206
4561,25.821205
4562,25.821203
4563,25.821201
4564,25.821200
4565,25.821198
4566,25.821197
4567,25.821195
4568,25.821193
4569,25.821192
4570,25.821190
4571,25.821189
4572,25.821187
4573,25.821185
4574,25.821184
4575,25.821182
4576,25.821181
4577,25.821179
4578,25.821177
4579,25.821176
4580,25.821174
4581,25.821173
4582,25.821171
4583,25.821170
4584,25.821168
4585,25.821166
4586,25.821165
4587,25.821163
4588,25.821162
4589,25.821160
4590,25.821158
4591,25.821157
4592,25.821155
4593,25.821154
4594,25.821152
4595,25.821150
4596,25.821149
4597,25.821147
4598,25.821146
4599,25.821144
4600,25.821142
4601,25.821141
4602,25.821139
4603,25.821138
4604,25.821136
4605,25.821135
4606,25.821133
4607,25.821131
4608,25.821130
4609,25.821128
4610,25.821127
4611,25.821125
4612,25.821123
4613,25.821122
4614,25.821120
4615,25.821119
4616,25.821117
4617,25.821116
4618,25.821114
4619,25.821112
4620,25.821111
4621,25.821109
4622,25.821108
4623,25.821106
4624,25.821104
4625,25.821103
4626,25.821101
4627,25.821100
4628,25.821098
4629,25.821097
4630,25.821095
4631,25.821093
4632,25.821092
4633,25.821090
4634,25.821089
4635,25.821087
4636,25.821086
4637,25.821084
4638,25.821082
4639,25.821081
4640,25.821079
4641,25.821078
4642,25.821076
4643,25.821075
4644,25.821073
4645,25.821071
4646,25.821070
4647,25.821068
4648,25.821067
4649,25.821065
4650,25.821064
4651,25.821062
4652,25.821060
4653,25.821059
4654,25.821057
4655,25.821056
4656,25.821054
4657,25.821053
4658,25.821051
4659,25.821050
4660,25.821048
4661,25.821046
4662,25.821045
4663,25.821043
4664,25.821042
4665,25.821040
4666,25.821039
4667,25.821037
4668,25.821035
4669,25.821034
4670,25.821032
4671,25.821031
4672,25.821029
4673,25.821028
4674,25.821026
4675,25.821025
4676,25.821023
4677,25.821021
4678,25.821020
4679,25.821018
4680,25.821017
4681,25.821015
4682,25.821014
4683,25.821012
4684,25.821011
4685,25.821009
4686,25.821008
4687,25.821006
4688,25.821004
4689,25.821003
4690,25.821001
4691,25.821000
4692,25.820998
4693,25.820997
4694,25.820995
4695,25.820994
4696,25.820992
4697,25.820990
4698,25.820989
4699,25.820987
4700,25.820986
4701,25.820984
4702,25.820983
4703,25.820981
4704,25.820980
4705,25.820978
4706,25.820977
4707,25.820975
4708,25.820973
4709,25.820972
4710,25.820970
4711,25.820969
4712,25.820967
4713,25.820966
4714,25.820964
4715,25.820963
4716,25.820961
4717,25.820960
4718,25.820958
4719,25.820957
4720,25.820955
4721,25.820953
4722,25.820952
4723,25.820950
4724,25.820949
4725,25.820947
4726,25.820946
4727,25.820944
4728,25.820943
4729,25.820941
4730,25.820940
4731,25.820938
4732,25.820937
4733,25.820935
4734,25.820934
4735,25.820932
4736,25.820930
4737,25.820929
4738,25.820927
4739,25.820926
4740,25.820924
4741,25.820923
4742,25.820921
4743,25.820920
4744,25.820918
4745,25.820917
4746,25.820915
4747,25.820914
4748,25.820912
4749,25.820911
4750,25.820909
4751,25.820908
4752,25.820906
4753,25.820904
4754,25.820903
4755,25.820901
4756,25.820900
4757,25.820898
4758,25.820897
4759,25.820895
4760,25.820894
4761,25.820892
4762,25.820891
4763,25.820889
4764,25.820888
4765,25.820886
4766,25.820885
4767,25.820883
4768,25.820882
4769,25.820880
4770,25.820879
4771,25.820877
4772,25.820876
4773,25.820874
4774,25.820873
4775,25.820871
4776,25.820870
4777,25.820868
4778,25.820867
4779,25.820865
4780,25.820863
4781,25.820862
4782,25.820860
4783,25.820859
4784,25.820857
4785,25.820856
4786,25.820854
4787,25.820853
4788,25.820851
4789,25.820850
4790,25.820848
4791,25.820847
4792,25.820845
4793,25.820844
4794,25.820842
4795,25.820841
4796,25.820839
4797,25.820838
4798,25.820836
4799,25.820835
4800,25.820833
4801,25.820832
4802,25.820830
4803,25.820829
4804,25.820827
4805,25.820826
4806,25.820824
4807,25.820823
4808,25.820821
4809,25.820820
4810,25.820818
4811,25.820817
4812,25.820815
4813,25.820814
4814,25.820812
4815,25.820811
4816,25.820809
4817,25.820808
4818,25.820806
4819,25.820805
4820,25.820803
4821,25.820802
4822,25.820800
4823,25.820799
4824,25.820797
4825,25.820796
4826,25.820794
4827,25.820793
4828,25.820791
4829,25.820790
4830,25.820788
4831,25.820787
4832,25.820785
4833,25.820784
4834,25.820782
4835,25.820781
4836,25.820779
4837,25.820778
4838,25.820776
4839,25.820775
4840,25.820773
4841,25.820772
4842,25.820770
4843,25.820769
4844,25.820767
4845,25.820766
4846,25.820764
4847,25.820763
4848,25.820761
4849,25.820760
4850,25.820759
4851,25.820757
4852,25.820756
4853,25.820754
4854,25.820753
4855,25.820751
4856,25.820750
4857,25.820748
4858,25.820747
4859,25.820745
4860,25.820744
4861,25.820742
4862,25.820741
4863,25.820739
4864,25.820738
4865,25.820736
4866,25.820735
4867,25.820733
4868,25.820732
4869,25.820730
4870,25.820729
4871,25.820727
4872,25.820726
4873,25.820724
4874,25.820723
4875,25.820722
4876,25.820720
4877,25.820719
4878,25.820717
4879,25.820716
4880,25.820714
4881,25.820713
4882,25.820711
4883,25.820710
4884,25.820708
4885,25.820707
4886,25.820705
4887,25.820704
4888,25.820702
4889,25.820701
4890,25.820699
4891,25.820698
4892,25.820696
4893,25.820695
4894,25.820694
4895,25.820692
4896,25.820691
4897,25.820689
4898,25.820688
4899,25.820686
4900,25.820685
4901,25.820683
4902,25.820682
4903,25.820680
4904,25.820679
4905,25.820677
4906,25.820676
4907,25.820674
4908,25.820673
4909,25.820672
4910,25.820670
4911,25.820669
4912,25.820667
4913,25.820666
4914,25.820664
4915,25.820663
4916,25.820661
4917,25.820660
4918,25.820658
4919,25.820657
4920,25.820655
4921,25.820654
4922,25.820653
4923,25.820651
4924,25.820650
4925,25.820648
4926,25.820647
4927,25.820645
4928,25.820644
4929,25.820642
4930,25.820641
4931,25.820639
4932,25.820638
4933,25.820637
4934,25.820635
4935,25.820634
4936,25.820632
4937,25.820631
4938,25.820629
4939,25.820628
4940,25.820626
4941,25.820625
4942,25.820624
4943,25.820622
4944,25.820621
4945,25.820619
4946,25.820618
4947,25.820616
4948,25.820615
4949,25.820613
4950,25.820612
4951,25.820610
4952,25.820609
4953,25.820608
4954,25.820606
4955,25.820605
4956,25.820603
4957,25.820602
4958,25.820600
4959,25.820599
4960,25.820597
4961,25.820596
4962,25.820595
4963,25.820593
4964,25.820592
4965,25.820590
4966,25.820589
4967,25.820587
4968,25.820586
4969,25.820585
4970,25.820583
4971,25.820582
4972,25.820580
4973,25.820579
4974,25.820577
4975,25.820576
4976,25.820574
4977,25.820573
4978,25.820572
4979,25.820570
4980,25.820569
4981,25.820567
4982,25.820566
4983,25.820564
4984,25.820563
4985,25.820562
4986,25.820560
4987,25.820559
4988,25.820557
4989,25.820556
4990,25.820554
4991,25.820553
4992,25.820551
4993,25.820550
4994,25.820549
4995,25.820547
4996,25.820546
4997,25.820544
4998,25.820543
4999,25.820541
5000,25.820540
5001,25.820539
5002,25.820537
5003,25.820536
5004,25.820534
5005,25.820533
5006,25.820531
5007,25.820530
5008,25.820529
5009,25.820527
5010,25.820526
5011,25.820524
5012,25.820523
5013,25.820522
5014,25.820520
5015,25.820519
5016,25.820517
5017,25.820516
5018,25.820514
5019,25.820513
5020,25.820512
5021,25.820510
5022,25.820509
5023,25.820507
5024,25.820506
5025,25.820504
5026,25.820503
5027,25.820502
5028,25.820500
5029,25.820499
5030,25.820497
5031,25.820496
5032,25.820495
5033,25.820493
5034,25.820492
5035,25.820490
5036,25.820489
5037,25.820487
5038,25.820486
5039,25.820485
5040,25.820483
5041,25.820482
5042,25.820480
5043,25.820479
5044,25.820478
5045,25.820476
5046,25.820475
5047,25.820473
5048,25.820472
5049,25.820471
5050,25.820469
5051,25.820468
5052,25.820466
5053,25.820465
5054,25.820463
5055,25.820462
5056,25.820461
5057,25.820459
5058,25.820458
5059,25.820456
5060,25.820455
5061,25.820454
5062,25.820452
5063,25.820451
5064,25.820449
5065,25.820448
5066,25.820447
5067,25.820445
5068,25.820444
5069,25.820442
5070,25.820441
5071,25.820440
5072,25.820438
5073,25.820437
5074,25.820435
5075,25.820434
5076,25.820433
5077,25.820431
5078,25.820430
5079,25.820428
5080,25.820427
5081,25.820426
5082,25.820424
5083,25.820423
5084,25.820421
5085,25.820420
5086,25.820419
5087,25.820417
5088,25.820416
5089,25.820414
5090,25.820413
5091,25.820412
5092,25.820410
5093,25.820409
5094,25.820407
5095,25.820406
5096,25.820405
5097,25.820403
5098,25.820402
5099,25.820400
5100,25.820399
5101,25.820398
5102,25.820396
5103,25.820395
5104,25.820394
5105,25.820392
5106,25.820391
5107,25.820389
5108,25.820388
5109,25.820387
5110,25.820385
5111,25.820384
5112,25.820382
5113,25.820381
5114,25.820380
5115,25.820378
5116,25.820377
5117,25.820376
5118,25.820374
5119,25.820373
5120,25.820371
5121,25.820370
5122,25.820369
5123,25.820367
5124,25.820366
5125,25.820364
5126,25.820363
5127,25.820362
5128,25.820360
5129,25.820359
5130,25.820358
5131,25.820356
5132,25.820355
5133,25.820353
5134,25.820352
5135,25.820351
5136,25.820349
5137,25.820348
5138,25.820346
5139,25.820345
5140,25.820344
5141,25.820342
5142,25.820341
5143,25.820340
5144,25.820338
5145,25.820337
5146,25.820335
5147,25.820334
5148,25.820333
5149,25.820331
5150,25.820330
5151,25.820329
5152,25.820327
5153,25.820326
5154,25.820325
5155,25.820323
5156,25.820322
5157,25.820320
5158,25.820319
5159,25.820318
5160,25.820316
5161,25.820315
5162,25.820314
5163,25.820312
5164,25.820311
5165,25.820309
5166,25.820308
5167,25.820307
5168,25.820305
5169,25.820304
5170,25.820303
5171,25.820301
5172,25.820300
5173,25.820299
5174,25.820297
5175,25.820296
5176,25.820294
5177,25.820293
5178,25.820292
5179,25.820290
5180,25.820289
5181,25.820288
5182,25.820286
5183,25.820285
5184,25.820284
5185,25.820282
5186,25.820281
5187,25.820279
5188,25.820278
5189,25.820277
5190,25.820275
5191,25.820274
5192,25.820273
5193,25.820271
5194,25.820270
5195,25.820269
5196,25.820267
5197,25.820266
5198,25.820264
5199,25.820263
5200,25.820262
5201,25.820260
5202,25.820259
5203,25.820258
5204,25.820256
5205,25.820255
5206,25.820254
5207,25.820252
5208,25.820251
5209,25.820250
5210,25.820248
5211,25.820247
5212,25.820246
5213,25.820244
5214,25.820243
5215,25.820241
5216,25.820240
5217,25.820239
5218,25.820237
5219,25.820236
5220,25.820235
5221,25.820233
5222,25.820232
5223,25.820231
5224,25.820229
5225,25.820228
5226,25.820227
5227,25.820225
5228,25.820224
5229,25.820223
5230,25.820221
5231,25.820220
5232,25.820219
5233,25.820217
5234,25.820216
5235,25.820215
5236,25.820213
5237,25.820212
5238,25.820211
5239,25.820209
5240,25.820208
5241,25.820206
5242,25.820205
5243,25.820204
5244,25.820202
5245,25.820201
5246,25.820200
5247,25.820198
5248,25.820197
5249,25.820196
5250,25.820194
5251,25.820193
5252,25.820192
5253,25.820190
5254,25.820189
5255,25.820188
5256,25.820186
5257,25.820185
5258,25.820184
5259,25.820182
5260,25.820181
5261,25.820180
5262,25.820178
5263,25.820177
5264,25.820176
5265,25.820174
5266,25.820173
5267,25.820172
5268,25.820170
5269,25.820169
5270,25.820168
5271,25.820166
5272,25.820165
5273,25.820164
5274,25.820162
5275,25.820161
5276,25.820160
5277,25.820158
5278,25.820157
5279,25.820156
5280,25.820154
5281,25.820153
5282,25.820152
5283,25.820150
5284,25.820149
5285,25.820148
5286,25.820146
5287,25.820145
5288,25.820144
5289,25.820143
5290,25.820141
5291,25.820140
5292,25.820139
5293,25.820137
5294,25.820136
5295,25.820135
5296,25.820133
5297,25.820132
5298,25.820131
5299,25.820129
5300,25.820128
5301,25.820127
5302,25.820125
5303,25.820124
5304,25.820123
5305,25.820121
5306,25.820120
5307,25.820119
5308,25.820117
5309,25.820116
5310,25.820115
5311,25.820113
5312,25.820112
5313,25.820111
5314,25.820110
5315,25.820108
5316,25.820107
5317,25.820106
5318,25.820104
5319,25.820103
5320,25.820102
5321,25.820100
5322,25.820099
5323,25.820098
5324,25.820096
5325,25.820095
5326,25.820094
5327,25.820092
5328,25.820091
5329,25.820090
5330,25.820088
5331,25.820087
5332,25.820086
5333,25.820085
5334,25.820083
5335,25.820082
5336,25.820081
5337,25.820079
5338,25.820078
5339,25.820077
5340,25.820075
5341,25.820074
5342,25.820073
5343,25.820071
5344,25.820070
5345,25.820069
5346,25.820068
5347,25.820066
5348,25.820065
5349,25.820064
5350,25.820062
5351,25.820061
5352,25.820060
5353,25.820058
5354,25.820057
5355,25.820056
5356,25.820055
5357,25.820053
5358,25.820052
5359,25.820051
5360,25.820049
5361,25.820048
5362,25.820047
5363,25.820045
5364,25.820044
5365,25.820043
5366,25.820042
5367,25.820040
5368,25.820039
5369,25.820038
5370,25.820036
5371,25.820035
5372,25.820034
5373,25.820032
5374,25.820031
5375,25.820030
5376,25.820029
5377,25.820027
5378,25.820026
5379,25.820025
5380,25.820023
5381,25.820022
5382,25.820021
5383,25.820019
5384,25.820018
5385,25.820017
5386,25.820016
5387,25.820014
5388,25.820013
5389,25.820012
5390,25.820010
5391,25.820009
5392,25.820008
5393,25.820007
5394,25.820005
5395,25.820004
5396,25.820003
5397,25.820001
5398,25.820000
5399,25.819999
5400,25.819998
5401,25.819996
5402,25.819995
5403,25.819994
5404,25.819992
5405,25.819991
5406,25.819990
5407,25.819989
5408,25.819987
5409,25.819986
5410,25.819985
5411,25.819983
5412,25.819982
5413,25.819981
5414,25.819980
5415,25.819978
5416,25.819977
5417,25.819976
5418,25.819974
5419,25.819973
5420,25.819972
5421,25.819971
5422,25.819969
5423,25.819968
5424,25.819967
5425,25.819965
5426,25.819964
5427,25.819963
5428,25.819962
5429,25.819960
5430,25.819959
5431,25.819958
5432,25.819957
5433,25.819955
5434,25.819954
5435,25.819953
5436,25.819951
5437,25.819950
5438,25.819949
5439,25.819948
5440,25.819946
5441,25.819945
5442,25.819944
5443,25.819943
5444,25.819941
5445,25.819940
5446,25.819939
5447,25.819937
5448,25.819936
5449,25.819935
5450,25.819934
5451,25.819932
5452,25.819931
5453,25.819930
5454,25.819929
5455,25.819927
5456,25.819926
5457,25.819925
5458,25.819923
5459,25.819922
5460,25.819921
5461,25.819920
5462,25.819918
5463,25.819917
5464,25.819916
5465,25.819915
5466,25.819913
5467,25.819912
5468,25.819911
5469,25.819910
5470,25.819908
5471,25.819907
5472,25.819906
5473,25.819904
5474,25.819903
5475,25.819902
5476,25.819901
5477,25.819899
5478,25.819898
5479,25.819897
5480,25.819896
5481,25.819894
5482,25.819893
5483,25.819892
5484,25.819891
5485,25.819889
5486,25.819888
5487,25.819887
5488,25.819886
5489,25.819884
5490,25.819883
5491,25.819882
5492,25.819881
5493,25.819879
5494,25.819878
5495,25.819877
5496,25.819875
5497,25.819874
5498,25.819873
5499,25.819872
5500,25.819870
5501,25.819869
5502,25.819868
5503,25.819867
5504,25.819865
5505,25.819864
5506,25.819863
5507,25.819862
5508,25.819860
5509,25.819859
5510,25.819858
5511,25.819857
5512,25.819855
5513,25.819854
5514,25.819853
5515,25.819852
5516,25.819850
5517,25.819849
5518,25.819848
5519,25.819847
5520,25.819845
5521,25.819844
5522,25.819843
5523,25.819842
5524,25.819840
5525,25.819839
5526,25.819838
5527,25.819837
5528,25.819835
5529,25.819834
5530,25.819833
5531,25.819832
5532,25.819830
5533,25.819829
5534,25.819828
5535,25.819827
5536,25.819826
5537,25.819824
5538,25.819823
5539,25.819822
5540,25.819821
5541,25.819819
5542,25.819818
5543,25.819817
5544,25.819816
5545,25.819814
5546,25.819813
5547,25.819812
5548,25.819811
5549,25.819809
5550,25.819808
5551,25.819807
5552,25.819806
5553,25.819804
5554,25.819803
5555,25.819802
5556,25.819801
5557,25.819799
5558,25.819798
5559,25.819797
5560,25.819796
5561,25.819795
5562,25.819793
5563,25.819792
5564,25.819791
5565,25.819790
5566,25.819788
5567,25.819787
5568,25.819786
5569,25.819785
5570,25.819783
5571,25.819782
5572,25.819781
5573,25.819780
5574,25.819778
5575,25.819777
5576,25.819776
5577,25.819775
5578,25.819774
5579,25.819772
5580,25.819771
5581,25.819770
5582,25.819769
5583,25.819767
5584,25.819766
5585,25.819765
5586,25.819764
5587,25.819763
5588,25.819761
5589,25.819760
5590,25.819759
5591,25.819758
5592,25.819756
5593,25.819755
5594,25.819754
5595,25.819753
5596,25.819751
5597,25.819750
5598,25.819749
5599,25.819748
5600,25.819747
5601,25.819745
5602,25.819744
5603,25.819743
5604,25.819742
5605,25.819740
5606,25.819739
5607,25.819738
5608,25.819737
5609,25.819736
5610,25.819734
5611,25.819733
5612,25.819732
5613,25.819731
5614,25.819729
5615,25.819728
5616,25.819727
5617,25.819726
5618,25.819725
5619,25.819723
5620,25.819722
5621,25.819721
5622,25.819720
5623,25.819719
5624,25.819717
5625,25.819716
5626,25.819715
5627,25.819714
5628,25.819712
5629,25.819711
5630,25.819710
5631,25.819709
5632,25.819708
5633,25.819706
5634,25.819705
5635,25.819704
5636,25.819703
5637,25.819702
5638,25.819700
5639,25.819699
5640,25.819698
5641,25.819697
5642,25.819695
5643,25.819694
5644,25.819693
5645,25.819692
5646,25.819691
5647,25.819689
5648,25.819688
5649,25.819687
5650,25.819686
5651,25.819685
5652,25.819683
5653,25.819682
5654,25.819681
5655,25.819680
5656,25.819679
5657,25.819677
5658,25.819676
5659,25.819675
5660,25.819674
5661,25.819673
5662,25.819671
5663,25.819670
5664,25.819669
5665,25.819668
5666,25.819667
5667,25.819665
5668,25.819664
5669,25.819663
5670,25.819662
5671,25.819661
5672,25.819659
5673,25.819658
5674,25.819657
5675,25.819656
5676,25.819654
5677,25.819653
5678,25.819652
5679,25.819651
5680,25.819650
5681,25.819649
5682,25.819647
5683,25.819646
5684,25.819645
5685,25.819644
5686,25.819643
5687,25.819641
5688,25.819640
5689,25.819639
5690,25.819638
5691,25.819637
5692,25.819635
5693,25.819634
5694,25.819633
5695,25.819632
5696,25.819631
5697,25.819629
5698,25.819628
5699,25.819627
5700,25.819626
5701,25.819625
5702,25.819623
5703,25.819622
5704,25.819621
5705,25.819620
5706,25.819619
5707,25.819617
5708,25.819616
5709,25.819615
5710,25.819614
5711,25.819613
5712,25.819611
5713,25.819610
5714,25.819609
5715,25.819608
5716,25.819607
5717,25.819606
5718,25.819604
5719,25.819603
5720,25.819602
5721,25.819601
5722,25.819600
5723,25.819598
5724,25.819597
5725,25.819596
5726,25.819595
5727,25.819594
5728,25.819593
5729,25.819591
5730,25.819590
5731,25.819589
5732,25.819588
5733,25.819587
5734,25.819585
5735,25.819584
5736,25.819583
5737,25.819582
5738,25.819581
5739,25.819580
5740,25.819578
5741,25.819577
5742,25.819576
5743,25.819575
5744,25.819574
5745,25.819572
5746,25.819571
5747,25.819570
5748,25.819569
5749,25.819568
5750,25.819567
5751,25.819565
5752,25.819564
5753,25.819563
5754,25.819562
5755,25.819561
5756,25.819559
5757,25.819558
5758,25.819557
5759,25.819556
5760,25.819555
5761,25.819554
5762,25.819552
5763,25.819551
5764,25.819550
5765,25.819549
5766,25.819548
5767,25.819547
5768,25.819545
5769,25.819544
5770,25.819543
5771,25.819542
5772,25.819541
5773,25.819540
5774,25.819538
5775,25.819537
5776,25.819536
5777,25.819535
5778,25.819534
5779,25.819532
5780,25.819531
5781,25.819530
5782,25.819529
5783,25.819528
5784,25.819527
5785,25.819525
5786,25.819524
5787,25.819523
5788,25.819522
5789,25.819521
5790,25.819520
5791,25.819518
5792,25.819517
5793,25.819516
5794,25.819515
5795,25.819514
5796,25.819513
5797,25.819512
5798,25.819510
5799,25.819509
5800,25.819508
5801,25.819507
5802,25.819506
5803,25.819505
5804,25.819503
5805,25.819502
5806,25.819501
5807,25.819500
5808,25.819499
5809,25.819498
5810,25.819496
5811,25.819495
5812,25.819494
5813,25.819493
5814,25.819492
5815,25.819491
5816,25.819489
5817,25.819488
5818,25.819487
5819,25.819486
5820,25.819485
5821,25.819484
5822,25.819482
5823,25.819481
5824,25.819480
5825,25.819479
5826,25.819478
5827,25.819477
5828,25.819476
5829,25.819474
5830,25.819473
5831,25.819472
5832,25.819471
5833,25.819470
5834,25.819469
5835,25.819467
5836,25.819466
5837,25.819465
5838,25.819464
5839,25.819463
5840,25.819462
5841,25.819461
5842,25.819459
5843,25.819458
5844,25.819457
5845,25.819456
5846,25.819455
5847,25.819454
5848,25.819453
5849,25.819451
5850,25.819450
5851,25.819449
5852,25.819448
5853,25.819447
5854,25.819446
5855,25.819444
5856,25.819443
5857,25.819442
5858,25.819441
5859,25.819440
5860,25.819439
5861,25.819438
5862,25.819436
5863,25.819435
5864,25.819434
5865,25.819433
5866,25.819432
5867,25.819431
5868,25.819430
5869,25.819428
5870,25.819427
5871,25.819426
5872,25.819425
5873,25.819424
5874,25.819423
5875,25.819422
5876,25.819420
5877,25.819419
5878,25.819418
5879,25.819417
5880,25.819416
5881,25.819415
5882,25.819414
5883,25.819412
5884,25.819411
5885,25.819410
5886,25.819409
5887,25.819408
5888,25.819407
5889,25.819406
5890,25.819405
5891,25.819403
5892,25.819402
5893,25.819401
5894,25.819400
5895,25.819399
5896,25.819398
5897,25.819397
5898,25.819395
5899,25.819394
5900,25.819393
5901,25.819392
5902,25.819391
5903,25.819390
5904,25.819389
5905,25.819387
5906,25.819386
5907,25.819385
5908,25.819384
5909,25.819383
5910,25.819382
5911,25.819381
5912,25.819380
5913,25.819378
5914,25.819377
5915,25.819376
5916,25.819375
5917,25.819374
5918,25.819373
5919,25.819372
5920,25.819371
5921,25.819369
5922,25.819368
5923,25.819367
5924,25.819366
5925,25.819365
5926,25.819364
5927,25.819363
5928,25.819362
5929,25.819360
5930,25.819359
5931,25.819358
5932,25.819357
5933,25.819356
5934,25.819355
5935,25.819354
5936,25.819353
5937,25.819351
5938,25.819350
5939,25.819349
5940,25.819348
5941,25.819347
5942,25.819346
5943,25.819345
5944,25.819344
5945,25.819342
5946,25.819341
5947,25.819340
5948,25.819339
5949,25.819338
5950,25.819337
5951,25.819336
5952,25.819335
5953,25.819333
5954,25.819332
5955,25.819331
5956,25.819330
5957,25.819329
5958,25.819328
5959,25.819327
5960,25.819326
5961,25.819324
5962,25.819323
5963,25.819322
5964,25.819321
5965,25.819320
5966,25.819319
5967,25.819318
5968,25.819317
5969,25.819316
5970,25.819314
5971,25.819313
5972,25.819312
5973,25.819311
5974,25.819310
5975,25.819309
5976,25.819308
5977,25.819307
5978,25.819306
5979,25.819304
5980,25.819303
5981,25.819302
5982,25.819301
5983,25.819300
5984,25.819299
5985,25.819298
5986,25.819297
5987,25.819296
5988,25.819294
5989,25.819293
5990,25.819292
5991,25.819291
5992,25.819290
5993,25.819289
5994,25.819288
5995,25.819287
5996,25.819286
5997,25.819284
5998,25.819283
5999,25.819282
6000,25.819281
6001,25.819280
6002,25.819279
6003,25.819278
6004,25.819277
6005,25.819276
6006,25.819275
6007,25.819273
6008,25.819272
6009,25.819271
6010,25.819270
6011,25.819269
6012,25.819268
6013,25.819267
6014,25.819266
6015,25.819265
6016,25.819263
6017,25.819262
6018,25.819261
6019,25.819260
6020,25.819259
6021,25.819258
6022,25.819257
6023,25.819256
6024,25.819255
6025,25.819254
6026,25.819252
6027,25.819251
6028,25.819250
6029,25.819249
6030,25.819248
6031,25.819247
6032,25.819246
6033,25.819245
6034,25.819244
6035,25.819243
6036,25.819241
6037,25.819240
6038,25.819239
6039,25.819238
6040,25.819237
6041,25.819236
6042,25.819235
6043,25.819234
6044,25.819233
6045,25.819232
6046,25.819231
6047,25.819229
6048,25.819228
6049,25.819227
6050,25.819226
6051,25.819225
6052,25.819224
6053,25.819223
6054,25.819222
6055,25.819221
6056,25.819220
6057,25.819219
6058,25.819217
6059,25.819216
6060,25.819215
6061,25.819214
6062,25.819213
6063,25.819212
6064,25.819211
6065,25.819210
6066,25.819209
6067,25.819208
6068,25.819207
6069,25.819205
6070,25.819204
6071,25.819203
6072,25.819202
6073,25.819201
6074,25.819200
6075,25.819199
6076,25.819198
6077,25.819197
6078,25.819196
6079,25.819195
6080,25.819194
6081,25.819192
6082,25.819191
6083,25.819190
6084,25.819189
6085,25.819188
6086,25.819187
6087,25.819186
6088,25.819185
6089,25.819184
6090,25.819183
6091,25.819182
6092,25.819181
6093,25.819179
6094,25.819178
6095,25.819177
6096,25.819176
6097,25.819175
6098,25.819174
6099,25.819173
6100,25.819172
6101,25.819171
6102,25.819170
6103,25.819169
6104,25.819168
6105,25.819166
6106,25.819165
6107,25.819164
6108,25.819163
6109,25.819162
6110,25.819161
6111,25.819160
6112,25.819159
6113,25.819158
6114,25.819157
6115,25.819156
6116,25.819155
6117,25.819154
6118,25.819152
6119,25.819151
6120,25.819150
6121,25.819149
6122,25.819148
6123,25.819147
6124,25.819146
6125,25.819145
6126,25.819144
6127,25.819143
6128,25.819142
6129,25.819141
6130,25.819140
6131,25.819139
6132,25.819137
6133,25.819136
6134,25.819135
6135,25.819134
6136,25.819133
6137,25.819132
6138,25.819131
6139,25.819130
6140,25.819129
6141,25.819128
6142,25.819127
6143,25.819126
6144,25.819125
6145,25.819124
6146,25.819123
6147,25.819121
6148,25.819120
6149,25.819119
6150,25.819118
6151,25.819117
6152,25.819116
6153,25.819115
6154,25.819114
6155,25.819113
6156,25.819112
6157,25.819111
6158,25.819110
6159,25.819109
6160,25.819108
6161,25.819107
6162,25.819105
6163,25.819104
6164,25.819103
6165,25.819102
6166,25.819101
6167,25.819100
6168,25.819099
6169,25.819098
6170,25.819097
6171,25.819096
6172,25.819095
6173,25.819094
6174,25.819093
6175,25.819092
6176,25.819091
6177,25.819090
6178,25.819088
6179,25.819087
6180,25.819086
6181,25.819085
6182,25.819084
6183,25.819083
6184,25.819082
6185,25.819081
6186,25.819080
6187,25.819079
6188,25.819078
6189,25.819077
6190,25.819076
6191,25.819075
6192,25.819074
6193,25.819073
6194,25.819072
6195,25.819071
6196,25.819069
6197,25.819068
6198,25.819067
6199,25.819066
6200,25.819065
6201,25.819064
6202,25.819063
6203,25.819062
6204,25.819061
6205,25.819060
6206,25.819059
6207,25.819058
6208,25.819057
6209,25.819056
6210,25.819055
6211,25.819054
6212,25.819053
6213,25.819052
6214,25.819051
6215,25.819049
6216,25.819048
6217,25.819047
6218,25.819046
6219,25.819045
6220,25.819044
6221,25.819043
6222,25.819042
6223,25.819041
6224,25.819040
6225,25.819039
6226,25.819038
6227,25.819037
6228,25.819036
6229,25.819035
6230,25.819034
6231,25.819033
6232,25.819032
6233,25.819031
6234,25.819030
6235,25.819029
6236,25.819028
6237,25.819026
6238,25.819025
6239,25.819024
6240,25.819023
6241,25.819022
6242,25.819021
6243,25.819020
6244,25.819019
6245,25.819018
6246,25.819017
6247,25.819016
6248,25.819015
6249,25.819014
6250,25.819013
6251,25.819012
6252,25.819011
6253,25.819010
6254,25.819009
6255,25.819008
6256,25.819007
6257,25.819006
6258,25.819005
6259,25.819004
6260,25.819003
6261,25.819002
6262,25.819000
6263,25.818999
6264,25.818998
6265,25.818997
6266,25.818996
6267,25.818995
6268,25.818994
6269,25.818993
6270,25.818992
6271,25.818991
6272,25.818990
6273,25.818989
6274,25.818988
6275,25.818987
6276,25.818986
6277,25.818985
6278,25.818984
6279,25.818983
6280,25.818982
6281,25.818981
6282,25.818980
6283,25.818979
6284,25.818978
6285,25.818977
6286,25.818976
6287,25.818975
6288,25.818974
6289,25.818973
6290,25.818972
6291,25.818971
6292,25.818969
6293,25.818968
6294,25.818967
6295,25.818966
6296,25.818965
6297,25.818964
6298,25.818963
6299,25.818962
6300,25.818961
6301,25.818960
6302,25.818959
6303,25.818958
6304,25.818957
6305,25.818956
6306,25.818955
6307,25.818954
6308,25.818953
6309,25.818952
6310,25.818951
6311,25.818950
6312,25.818949
6313,25.818948
6314,25.818947
6315,25.818946
6316,25.818945
6317,25.818944
6318,25.818943
6319,25.818942
6320,25.818941
6321,25.818940
6322,25.818939
6323,25.818938
6324,25.818937
6325,25.818936
6326,25.818935
6327,25.818934
6328,25.818933
6329,25.818932
6330,25.818931
6331,25.818930
6332,25.818928
6333,25.818927
6334,25.818926
6335,25.818925
6336,25.818924
6337,25.818923
6338,25.818922
6339,25.818921
6340,25.818920
6341,25.818919
6342,25.818918
6343,25.818917
6344,25.818916
6345,25.818915
6346,25.818914
6347,25.818913
6348,25.818912
6349,25.818911
6350,25.818910
6351,25.818909
6352,25.818908
6353,25.818907
6354,25.818906
6355,25.818905
6356,25.818904
6357,25.818903
6358,25.818902
6359,25.818901
6360,25.818900
6361,25.818899
6362,25.818898
6363,25.818897
6364,25.818896
6365,25.818895
6366,25.818894
6367,25.818893
6368,25.818892
6369,25.818891
6370,25.818890
6371,25.818889
6372,25.818888
6373,25.818887
6374,25.818886
6375,25.818885
6376,25.818884
6377,25.818883
6378,25.818882
6379,25.818881
6380,25.818880
6381,25.818879
6382,25.818878
6383,25.818877
6384,25.818876
6385,25.818875
6386,25.818874
6387,25.818873
6388,25.818872
6389,25.818871
6390,25.818870
6391,25.818869
6392,25.818868
6393,25.818867
6394,25.818866
6395,25.818865
6396,25.818864
6397,25.818863
6398,25.818862
6399,25.818861
6400,25.818860
6401,25.818859
6402,25.818858
6403,25.818857
6404,25.818856
6405,25.818855
6406,25.818854
6407,25.818853
6408,25.818852
6409,25.818851
6410,25.818850
6411,25.818849
6412,25.818848
6413,25.818847
6414,25.818846
6415,25.818845
6416,25.818844
6417,25.818843
6418,25.818842
6419,25.818841
6420,25.818840
6421,25.818839
6422,25.818838
6423,25.818837
6424,25.818836
6425,25.818835
6426,25.818834
6427,25.818833
6428,25.818832
6429,25.818831
6430,25.818830
6431,25.818829
6432,25.818828
6433,25.818827
6434,25.818826
6435,25.818825
6436,25.818824
6437,25.818823
6438,25.818822
6439,25.818821
6440,25.818820
6441,25.818819
6442,25.818818
6443,25.818817
6444,25.818816
6445,25.818815
6446,25.818814
6447,25.818813
6448,25.818812
6449,25.818811
6450,25.818810
6451,25.818809
6452,25.818808
6453,25.818807
6454,25.818806
6455,25.818805
6456,25.818804
6457,25.818803
6458,25.818802
6459,25.818801
6460,25.818800
6461,25.818799
6462,25.818798
6463,25.818797
6464,25.818796
6465,25.818795
6466,25.818794
6467,25.818793
6468,25.818792
6469,25.818791
6470,25.818790
6471,25.818789
6472,25.818788
6473,25.818787
6474,25.818786
6475,25.818785
6476,25.818784
6477,25.818783
6478,25.818782
6479,25.818781
6480,25.818780
6481,25.818779
6482,25.818778
6483,25.818777
6484,25.818776
6485,25.818775
6486,25.818774
6487,25.818773
6488,25.818772
6489,25.818771
6490,25.818770
6491,25.818769
6492,25.818769
6493,25.818768
6494,25.818767
6495,25.818766
6496,25.818765
6497,25.818764
6498,25.818763
6499,25.818762
6500,25.818761
6501,25.818760
6502,25.818759
6503,25.818758
6504,25.818757
6505,25.818756
6506,25.818755
6507,25.818754
6508,25.818753
6509,25.818752
6510,25.818751
6511,25.818750
6512,25.818749
6513,25.818748
6514,25.818747
6515,25.818746
6516,25.818745
6517,25.818744
6518,25.818743
6519,25.818742
6520,25.818741
6521,25.818740
6522,25.818739
6523,25.818738
6524,25.818737
6525,25.818736
6526,25.818735
6527,25.818734
6528,25.818733
6529,25.818732
6530,25.818731
6531,25.818730
6532,25.818729
6533,25.818729
6534,25.818728
6535,25.818727
6536,25.818726
6537,25.818725
6538,25.818724
6539,25.818723
6540,25.818722
6541,25.818721
6542,25.818720
6543,25.818719
6544,25.818718
6545,25.818717
6546,25.818716
6547,25.818715
6548,25.818714
6549,25.818713
6550,25.818712
6551,25.818711
6552,25.818710
6553,25.818709
6554,25.818708
6555,25.818707
6556,25.818706
6557,25.818705
6558,25.818704
6559,25.818703
6560,25.818702
6561,25.818701
6562,25.818700
6563,25.818699
6564,25.818699
6565,25.818698
6566,25.818697
6567,25.818696
6568,25.818695
6569,25.818694
6570,25.818693
6571,25.818692
6572,25.818691
6573,25.818690
6574,25.818689
6575,25.818688
6576,25.818687
6577,25.818686
6578,25.818685
6579,25.818684
6580,25.818683
6581,25.818682
6582,25.818681
6583,25.818680
6584,25.818679
6585,25.818678
6586,25.818677
6587,25.818676
6588,25.818675
6589,25.818675
6590,25.818674
6591,25.818673
6592,25.818672
6593,25.818671
6594,25.818670
6595,25.818669
6596,25.818668
6597,25.818667
6598,25.818666
6599,25.818665
6600,25.818664
6601,25.818663
6602,25.818662
6603,25.818661
6604,25.818660
6605,25.818659
6606,25.818658
6607,25.818657
6608,25.818656
6609,25.818655
6610,25.818654
6611,25.818653
6612,25.818653
6613,25.818652
6614,25.818651
6615,25.818650
6616,25.818649
6617,25.818648
6618,25.818647
6619,25.818646
6620,25.818645
6621,25.818644
6622,25.818643
6623,25.818642
6624,25.818641
6625,25.818640
6626,25.818639
6627,25.818638
6628,25.818637
6629,25.818636
6630,25.818635
6631,25.818634
6632,25.818634
6633,25.818633
6634,25.818632
6635,25.818631
6636,25.818630
6637,25.818629
6638,25.818628
6639,25.818627
6640,25.818626
6641,25.818625
6642,25.818624
6643,25.818623
6644,25.818622
6645,25.818621
6646,25.818620
6647,25.818619
6648,25.818618
6649,25.818617
6650,25.818616
6651,25.818616
6652,25.818615
6653,25.818614
6654,25.818613
6655,25.818612
6656,25.818611
6657,25.818610
6658,25.818609
6659,25.818608
6660,25.818607
6661,25.818606
6662,25.818605
6663,25.818604
6664,25.818603
6665,25.818602
6666,25.818601
6667,25.818600
6668,25.818600
6669,25.818599
6670,25.818598
6671,25.818597
6672,25.818596
6673,25.818595
6674,25.818594
6675,25.818593
6676,25.818592
6677,25.818591
6678,25.818590
6679,25.818589
6680,25.818588
6681,25.818587
6682,25.818586
6683,25.818585
6684,25.818585
6685,25.818584
6686,25.818583
6687,25.818582
6688,25.818581
6689,25.818580
6690,25.818579
6691,25.818578
6692,25.818577
6693,25.818576
6694,25.818575
6695,25.818574
6696,25.818573
6697,25.818572
6698,25.818571
6699,25.818571
6700,25.818570
6701,25.818569
6702,25.818568
6703,25.818567
6704,25.818566
6705,25.818565
6706,25.818564
6707,25.818563
6708,25.818562
6709,25.818561
6710,25.818560
6711,25.818559
6712,25.818558
6713,25.818557
6714,25.818557
6715,25.818556
6716,25.818555
6717,25.818554
6718,25.818553
6719,25.818552
6720,25.818551
6721,25.818550
6722,25.818549
6723,25.818548
6724,25.818547
6725,25.818546
6726,25.818545
6727,25.818544
6728,25.818544
6729,25.818543
6730,25.818542
6731,25.818541
6732,25.818540
6733,25.818539
6734,25.818538
6735,25.818537
6736,25.818536
6737,25.818535
6738,25.818534
6739,25.818533
6740,25.818532
6741,25.818532
6742,25.818531
6743,25.818530
6744,25.818529
6745,25.818528
6746,25.818527
6747,25.818526
6748,25.818525
6749,25.818524
6750,25.818523
6751,25.818522
6752,25.818521
6753,25.818520
6754,25.818520
6755,25.818519
6756,25.818518
6757,25.818517
6758,25.818516
6759,25.818515
6760,25.818514
6761,25.818513
6762,25.818512
6763,25.818511
6764,25.818510
6765,25.818509
6766,25.818508
6767,25.818508
6768,25.818507
6769,25.818506
6770,25.818505
6771,25.818504
6772,25.818503
6773,25.818502
6774,25.818501
6775,25.818500
6776,25.818499
6777,25.818498
6778,25.818497
6779,25.818497
6780,25.818496
6781,25.818495
6782,25.818494
6783,25.818493
6784,25.818492
6785,25.818491
6786,25.818490
6787,25.818489
6788,25.818488
6789,25.818487
6790,25.818487
6791,25.818486
6792,25.818485
6793,25.818484
6794,25.818483
6795,25.818482
6796,25.818481
6797,25.818480
6798,25.818479
6799,25.818478
6800,25.818477
6801,25.818476
6802,25.818476
6803,25.818475
6804,25.818474
6805,25.818473
6806,25.818472
6807,25.818471
6808,25.818470
6809,25.818469
6810,25.818468
6811,25.818467
6812,25.818466
6813,25.818466
6814,25.818465
6815,25.818464
6816,25.818463
6817,25.818462
6818,25.818461
6819,25.818460
6820,25.818459
6821,25.818458
6822,25.818457
6823,25.818456
6824,25.818456
6825,25.818455
6826,25.818454
6827,25.818453
6828,25.818452
6829,25.818451
6830,25.818450
6831,25.818449
6832,25.818448
6833,25.818447
6834,25.818447
6835,25.818446
6836,25.818445
6837,25.818444
6838,25.818443
6839,25.818442
6840,25.818441
6841,25.818440
6842,25.818439
6843,25.818438
6844,25.818438
6845,25.818437
6846,25.818436
6847,25.818435
6848,25.818434
6849,25.818433
6850,25.818432
6851,25.818431
6852,25.818430
6853,25.818429
6854,25.818429
6855,25.818428
6856,25.818427
6857,25.818426
6858,25.818425
6859,25.818424
6860,25.818423
6861,25.818422
6862,25.818421
6863,25.818420
6864,25.818420
6865,25.818419
6866,25.818418
6867,25.818417
6868,25.818416
6869,25.818415
6870,25.818414
6871,25.818413
6872,25.818412
6873,25.818411
6874,25.818411
6875,25.818410
6876,25.818409
6877,25.818408
6878,25.818407
6879,25.818406
6880,25.818405
6881,25.818404
6882,25.818403
6883,25.818403
6884,25.818402
6885,25.818401
6886,25.818400
6887,25.818399
6888,25.818398
6889,25.818397
6890,25.818396
6891,25.818395
6892,25.818395
6893,25.818394
6894,25.818393
6895,25.818392
6896,25.818391
6897,25.818390
6898,25.818389
6899,25.818388
6900,25.818387
6901,25.818386
6902,25.818386
6903,25.818385
6904,25.818384
6905,25.818383
6906,25.818382
6907,25.818381
6908,25.818380
6909,25.818379
6910,25.818378
6911,25.818378
6912,25.818377
6913,25.818376
6914,25.818375
6915,25.818374
6916,25.818373
6917,25.818372
6918,25.818371
6919,25.818371
6920,25.818370
6921,25.818369
6922,25.818368
6923,25.818367
6924,25.818366
6925,25.818365
6926,25.818364
6927,25.818363
6928,25.818363
6929,25.818362
6930,25.818361
6931,25.818360
6932,25.818359
6933,25.818358
6934,25.818357
6935,25.818356
6936,25.818355
6937,25.818355
6938,25.818354
6939,25.818353
6940,25.818352
6941,25.818351
6942,25.818350
6943,25.818349
6944,25.818348
6945,25.818348
6946,25.818347
6947,25.818346
6948,25.818345
6949,25.818344
6950,25.818343
6951,25.818342
6952,25.818341
6953,25.818341
6954,25.818340
6955,25.818339
6956,25.818338
6957,25.818337
6958,25.818336
6959,25.818335
6960,25.818334
6961,25.818334
6962,25.818333
6963,25.818332
6964,25.818331
6965,25.818330
6966,25.818329
6967,25.818328
6968,25.818327
6969,25.818326
6970,25.818326
6971,25.818325
6972,25.818324
6973,25.818323
6974,25.818322
6975,25.818321
6976,25.818320
6977,25.818320
6978,25.818319
6979,25.818318
6980,25.818317
6981,25.818316
6982,25.818315
6983,25.818314
6984,25.818313
6985,25.818313
6986,25.818312
6987,25.818311
6988,25.818310
6989,25.818309
6990,25.818308
6991,25.818307
6992,25.818306
6993,25.818306
6994,25.818305
6995,25.818304
6996,25.818303
6997,25.818302
6998,25.818301
6999,25.818300
7000,25.818299
7001,25.818299
7002,25.818298
7003,25.818297
7004,25.818296
7005,25.818295
7006,25.818294
7007,25.818293
7008,25.818293
7009,25.818292
7010,25.818291
7011,25.818290
7012,25.818289
7013,25.818288
7014,25.818287
7015,25.818286
7016,25.818286
7017,25.818285
7018,25.818284
7019,25.818283
7020,25.818282
7021,25.818281
7022,25.818280
7023,25.818280
7024,25.818279
7025,25.818278
7026,25.818277
7027,25.818276
7028,25.818275
7029,25.818274
7030,25.818273
7031,25.818273
7032,25.818272
7033,25.818271
7034,25.818270
7035,25.818269
7036,25.818268
7037,25.818267
7038,25.818267
7039,25.818266
7040,25.818265
7041,25.818264
7042,25.818263
7043,25.818262
7044,25.818261
7045,25.818261
7046,25.818260
7047,25.818259
7048,25.818258
7049,25.818257
7050,25.818256
7051,25.818255
7052,25.818255
7053,25.818254
7054,25.818253
7055,25.818252
7056,25.818251
7057,25.818250
7058,25.818249
7059,25.818249
7060,25.818248
7061,25.818247
7062,25.818246
7063,25.818245
7064,25.818244
7065,25.818243
7066,25.818243
7067,25.818242
7068,25.818241
7069,25.818240
7070,25.818239
7071,25.818238
7072,25.818237
7073,25.818237
7074,25.818236
7075,25.818235
7076,25.818234
7077,25.818233
7078,25.818232
7079,25.818231
7080,25.818231
7081,25.818230
7082,25.818229
7083,25.818228
7084,25.818227
7085,25.818226
7086,25.818225
7087,25.818225
7088,25.818224
7089,25.818223
7090,25.818222
7091,25.818221
7092,25.818220
7093,25.818220
7094,25.818219
7095,25.818218
7096,25.818217
7097,25.818216
7098,25.818215
7099,25.818214
7100,25.818214
7101,25.818213
7102,25.818212
7103,25.818211
7104,25.818210
7105,25.818209
7106,25.818208
7107,25.818208
7108,25.818207
7109,25.818206
7110,25.818205
7111,25.818204
7112,25.818203
7113,25.818203
7114,25.818202
7115,25.818201
7116,25.818200
7117,25.818199
7118,25.818198
7119,25.818197
7120,25.818197
7121,25.818196
7122,25.818195
7123,25.818194
7124,25.818193
7125,25.818192
7126,25.818192
7127,25.818191
7128,25.818190
7129,25.818189
7130,25.818188
7131,25.818187
7132,25.818187
7133,25.818186
7134,25.818185
7135,25.818184
7136,25.818183
7137,25.818182
7138,25.818181
7139,25.818181
7140,25.818180
7141,25.818179
7142,25.818178
7143,25.818177
7144,25.818176
7145,25.818176
7146,25.818175
7147,25.818174
7148,25.818173
7149,25.818172
7150,25.818171
7151,25.818171
7152,25.818170
7153,25.818169
7154,25.818168
7155,25.818167
7156,25.818166
7157,25.818166
7158,25.818165
7159,25.818164
7160,25.818163
7161,25.818162
7162,25.818161
7163,25.818161
7164,25.818160
7165,25.818159
7166,25.818158
7167,25.818157
7168,25.818156
7169,25.818155
7170,25.818155
7171,25.818154
7172,25.818153
7173,25.818152
7174,25.818151
7175,25.818150
7176,25.818150
7177,25.818149
7178,25.818148
7179,25.818147
7180,25.818146
7181,25.818145
7182,25.818145
7183,25.818144
7184,25.818143
7185,25.818142
7186,25.818141
7187,25.818140
7188,25.818140
7189,25.818139
7190,25.818138
7191,25.818137
7192,25.818136
7193,25.818136
7194,25.818135
7195,25.818134
7196,25.818133
7197,25.818132
7198,25.818131
7199,25.818131
7200,25.818130
7201,25.818129
7202,25.818128
7203,25.818127
7204,25.818126
7205,25.818126
7206,25.818125
7207,25.818124
7208,25.818123
7209,25.818122
7210,25.818121
7211,25.818121
7212,25.818120
7213,25.818119
7214,25.818118
7215,25.818117
7216,25.818116
7217,25.818116
7218,25.818115
7219,25.818114
7220,25.818113
7221,25.818112
7222,25.818111
7223,25.818111
7224,25.818110
7225,25.818109
7226,25.818108
7227,25.818107
7228,25.818107
7229,25.818106
7230,25.818105
7231,25.818104
7232,25.818103
7233,25.818102
7234,25.818102
7235,25.818101
7236,25.818100
7237,25.818099
7238,25.818098
7239,25.818098
7240,25.818097
7241,25.818096
7242,25.818095
7243,25.818094
7244,25.818093
7245,25.818093
7246,25.818092
7247,25.818091
7248,25.818090
7249,25.818089
7250,25.818088
7251,25.818088
7252,25.818087
7253,25.818086
7254,25.818085
7255,25.818084
7256,25.818084
7257,25.818083
7258,25.818082
7259,25.818081
7260,25.818080
7261,25.818079
7262,25.818079
7263,25.818078
7264,25.818077
7265,25.818076
7266,25.818075
7267,25.818075
7268,25.818074
7269,25.818073
7270,25.818072
7271,25.818071
7272,25.818070
7273,25.818070
7274,25.818069
7275,25.818068
7276,25.818067
7277,25.818066
7278,25.818066
7279,25.818065
7280,25.818064
7281,25.818063
7282,25.818062
7283,25.818062
7284,25.818061
7285,25.818060
7286,25.818059
7287,25.818058
7288,25.818057
7289,25.818057
7290,25.818056
7291,25.818055
7292,25.818054
7293,25.818053
7294,25.818053
7295,25.818052
7296,25.818051
7297,25.818050
7298,25.818049
7299,25.818049
7300,25.818048
7301,25.818047
7302,25.818046
7303,25.818045
7304,25.818044
7305,25.818044
7306,25.818043
7307,25.818042
7308,25.818041
7309,25.818040
7310,25.818040
7311,25.818039
7312,25.818038
7313,25.818037
7314,25.818036
7315,25.818036
7316,25.818035
7317,25.818034
7318,25.818033
7319,25.818032
7320,25.818032
7321,25.818031
7322,25.818030
7323,25.818029
7324,25.818028
7325,25.818028
7326,25.818027
7327,25.818026
7328,25.818025
7329,25.818024
7330,25.818024
7331,25.818023
7332,25.818022
7333,25.818021
7334,25.818020
7335,25.818019
7336,25.818019
7337,25.818018
7338,25.818017
7339,25.818016
7340,25.818015
7341,25.818015
7342,25.818014
7343,25.818013
7344,25.818012
7345,25.818011
7346,25.818011
7347,25.818010
7348,25.818009
7349,25.818008
7350,25.818007
7351,25.818007
7352,25.818006
7353,25.818005
7354,25.818004
7355,25.818003
7356,25.818003
7357,25.818002
7358,25.818001
7359,25.818000
7360,25.817999
7361,25.817999
7362,25.817998
7363,25.817997
7364,25.817996
7365,25.817995
7366,25.817995
7367,25.817994
7368,25.817993
7369,25.817992
7370,25.817991
7371,25.817991
7372,25.817990
7373,25.817989
7374,25.817988
7375,25.817987
7376,25.817987
7377,25.817986
7378,25.817985
7379,25.817984
7380,25.817983
7381,25.817983
7382,25.817982
7383,25.817981
7384,25.817980
7385,25.817980
7386,25.817979
7387,25.817978
7388,25.817977
7389,25.817976
7390,25.817976
7391,25.817975
7392,25.817974
7393,25.817973
7394,25.817972
7395,25.817972
7396,25.817971
7397,25.817970
7398,25.817969
7399,25.817968
7400,25.817968
7401,25.817967
7402,25.817966
7403,25.817965
7404,25.817964
7405,25.817964
7406,25.817963
7407,25.817962
7408,25.817961
7409,25.817961
7410,25.817960
7411,25.817959
7412,25.817958
7413,25.817957
7414,25.817957
7415,25.817956
7416,25.817955
7417,25.817954
7418,25.817953
7419,25.817953
7420,25.817952
7421,25.817951
7422,25.817950
7423,25.817949
7424,25.817949
7425,25.817948
7426,25.817947
7427,25.817946
7428,25.817946
7429,25.817945
7430,25.817944
7431,25.817943
7432,25.817942
7433,25.817942
7434,25.817941
7435,25.817940
7436,25.817939
7437,25.817938
7438,25.817938
7439,25.817937
7440,25.817936
7441,25.817935
7442,25.817935
7443,25.817934
7444,25.817933
7445,25.817932
7446,25.817931
7447,25.817931
7448,25.817930
7449,25.817929
7450,25.817928
7451,25.817927
7452,25.817927
7453,25.817926
7454,25.817925
7455,25.817924
7456,25.817924
7457,25.817923
7458,25.817922
7459,25.817921
7460,25.817920
7461,25.817920
7462,25.817919
7463,25.817918
7464,25.817917
7465,25.817917
7466,25.817916
7467,25.817915
7468,25.817914
7469,25.817913
7470,25.817913
7471,25.817912
7472,25.817911
7473,25.817910
7474,25.817910
7475,25.817909
7476,25.817908
7477,25.817907
7478,25.817906
7479,25.817906
7480,25.817905
7481,25.817904
7482,25.817903
7483,25.817903
7484,25.817902
7485,25.817901
7486,25.817900
7487,25.817899
7488,25.817899
7489,25.817898
7490,25.817897
7491,25.817896
7492,25.817896
7493,25.817895
7494,25.817894
7495,25.817893
7496,25.817892
7497,25.817892
7498,25.817891
7499,25.817890
7500,25.817889
7501,25.817889
7502,25.817888
7503,25.817887
7504,25.817886
7505,25.817885
7506,25.817885
7507,25.817884
7508,25.817883
7509,25.817882
7510,25.817882
7511,25.817881
7512,25.817880
7513,25.817879
7514,25.817879
7515,25.817878
7516,25.817877
7517,25.817876
7518,25.817875
7519,25.817875
7520,25.817874
7521,25.817873
7522,25.817872
7523,25.817872
7524,25.817871
7525,25.817870
7526,25.817869
7527,25.817869
7528,25.817868
7529,25.817867
7530,25.817866
7531,25.817865
7532,25.817865
7533,25.817864
7534,25.817863
7535,25.817862
7536,25.817862
7537,25.817861
7538,25.817860
7539,25.817859
7540,25.817859
7541,25.817858
7542,25.817857
7543,25.817856
7544,25.817855
7545,25.817855
7546,25.817854
7547,25.817853
7548,25.817852
7549,25.817852
7550,25.817851
7551,25.817850
7552,25.817849
7553,25.817849
7554,25.817848
7555,25.817847
7556,25.817846
7557,25.817846
7558,25.817845
7559,25.817844
7560,25.817843
7561,25.817842
7562,25.817842
7563,25.817841
7564,25.817840
7565,25.817839
7566,25.817839
7567,25.817838
7568,25.817837
7569,25.817836
7570,25.817836
7571,25.817835
7572,25.817834
7573,25.817833
7574,25.817833
7575,25.817832
7576,25.817831
7577,25.817830
7578,25.817829
7579,25.817829
7580,25.817828
7581,25.817827
7582,25.817826
7583,25.817826
7584,25.817825
7585,25.817824
7586,25.817823
7587,25.817823
7588,25.817822
7589,25.817821
7590,25.817820
7591,25.817820
7592,25.817819
7593,25.817818
7594,25.817817
7595,25.817817
7596,25.817816
7597,25.817815
7598,25.817814
7599,25.817814
7600,25.817813
7601,25.817812
7602,25.817811
7603,25.817811
7604,25.817810
7605,25.817809
7606,25.817808
7607,25.817808
7608,25.817807
7609,25.817806
7610,25.817805
7611,25.817805
7612,25.817804
7613,25.817803
7614,25.817802
7615,25.817801
7616,25.817801
7617,25.817800
7618,25.817799
7619,25.817798
7620,25.817798
7621,25.817797
7622,25.817796
7623,25.817795
7624,25.817795
7625,25.817794
7626,25.817793
7627,25.817792
7628,25.817792
7629,25.817791
7630,25.817790
7631,25.817789
7632,25.817789
7633,25.817788
7634,25.817787
7635,25.817786
7636,25.817786
7637,25.817785
7638,25.817784
7639,25.817783
7640,25.817783
7641,25.817782
7642,25.817781
7643,25.817780
7644,25.817780
7645,25.817779
7646,25.817778
7647,25.817777
7648,25.817777
7649,25.817776
7650,25.817775
7651,25.817774
7652,25.817774
7653,25.817773
7654,25.817772
7655,25.817771
7656,25.817771
7657,25.817770
7658,25.817769
7659,25.817768
7660,25.817768
7661,25.817767
7662,25.817766
7663,25.817765
7664,25.817765
7665,25.817764
7666,25.817763
7667,25.817763
7668,25.817762
7669,25.817761
7670,25.817760
7671,25.817760
7672,25.817759
7673,25.817758
7674,25.817757
7675,25.817757
7676,25.817756
7677,25.817755
7678,25.817754
7679,25.817754
7680,25.817753
7681,25.817752
7682,25.817751
7683,25.817751
7684,25.817750
7685,25.817749
7686,25.817748
7687,25.817748
7688,25.817747
7689,25.817746
7690,25.817745
7691,25.817745
7692,25.817744
7693,25.817743
7694,25.817742
7695,25.817742
7696,25.817741
7697,25.817740
7698,25.817739
7699,25.817739
7700,25.817738
7701,25.817737
7702,25.817737
7703,25.817736
7704,25.817735
7705,25.817734
7706,25.817734
7707,25.817733
7708,25.817732
7709,25.817731
7710,25.817731
7711,25.817730
7712,25.817729
7713,25.817728
7714,25.817728
7715,25.817727
7716,25.817726
7717,25.817725
7718,25.817725
7719,25.817724
7720,25.817723
7721,25.817723
7722,25.817722
7723,25.817721
7724,25.817720
7725,25.817720
7726,25.817719
7727,25.817718
7728,25.817717
7729,25.817717
7730,25.817716
7731,25.817715
7732,25.817714
7733,25.817714
7734,25.817713
7735,25.817712
7736,25.817711
7737,25.817711
7738,25.817710
7739,25.817709
7740,25.817709
7741,25.817708
7742,25.817707
7743,25.817706
7744,25.817706
7745,25.817705
7746,25.817704
7747,25.817703
7748,25.817703
7749,25.817702
7750,25.817701
7751,25.817700
7752,25.817700
7753,25.817699
7754,25.817698
7755,25.817698
7756,25.817697
7757,25.817696
7758,25.817695
7759,25.817695
7760,25.817694
7761,25.817693
7762,25.817692
7763,25.817692
7764,25.817691
7765,25.817690
7766,25.817690
7767,25.817689
7768,25.817688
7769,25.817687
7770,25.817687
7771,25.817686
7772,25.817685
7773,25.817684
7774,25.817684
7775,25.817683
7776,25.817682
7777,25.817682
7778,25.817681
7779,25.817680
7780,25.817679
7781,25.817679
7782,25.817678
7783,25.817677
7784,25.817676
7785,25.817676
7786,25.817675
7787,25.817674
7788,25.817674
7789,25.817673
7790,25.817672
7791,25.817671
7792,25.817671
7793,25.817670
7794,25.817669
7795,25.817668
7796,25.817668
7797,25.817667
7798,25.817666
7799,25.817666
7800,25.817665
7801,25.817664
7802,25.817663
7803,25.817663
7804,25.817662
7805,25.817661
7806,25.817661
7807,25.817660
7808,25.817659
7809,25.817658
7810,25.817658
7811,25.817657
7812,25.817656
7813,25.817655
7814,25.817655
7815,25.817654
7816,25.817653
7817,25.817653
7818,25.817652
7819,25.817651
7820,25.817650
7821,25.817650
7822,25.817649
7823,25.817648
7824,25.817648
7825,25.817647
7826,25.817646
7827,25.817645
7828,25.817645
7829,25.817644
7830,25.817643
7831,25.817643
7832,25.817642
7833,25.817641
7834,25.817640
7835,25.817640
7836,25.817639
7837,25.817638
7838,25.817637
7839,25.817637
7840,25.817636
7841,25.817635
7842,25.817635
7843,25.817634
7844,25.817633
7845,25.817632
7846,25.817632
7847,25.817631
7848,25.817630
7849,25.817630
7850,25.817629
7851,25.817628
7852,25.817627
7853,25.817627
7854,25.817626
7855,25.817625
7856,25.817625
7857,25.817624
7858,25.817623
7859,25.817622
7860,25.817622
7861,25.817621
7862,25.817620
7863,25.817620
7864,25.817619
7865,25.817618
7866,25.817617
7867,25.817617
7868,25.817616
7869,25.817615
7870,25.817615
7871,25.817614
7872,25.817613
7873,25.817612
7874,25.817612
7875,25.817611
7876,25.817610
7877,25.817610
7878,25.817609
7879,25.817608
7880,25.817608
7881,25.817607
7882,25.817606
7883,25.817605
7884,25.817605
7885,25.817604
7886,25.817603
7887,25.817603
7888,25.817602
7889,25.817601
7890,25.817600
7891,25.817600
7892,25.817599
7893,25.817598
7894,25.817598
7895,25.817597
7896,25.817596
7897,25.817595
7898,25.817595
7899,25.817594
7900,25.817593
7901,25.817593
7902,25.817592
7903,25.817591
7904,25.817591
7905,25.817590
7906,25.817589
7907,25.817588
7908,25.817588
7909,25.817587
7910,25.817586
7911,25.817586
7912,25.817585
7913,25.817584
7914,25.817583
7915,25.817583
7916,25.817582
7917,25.817581
7918,25.817581
7919,25.817580
7920,25.817579
7921,25.817579
7922,25.817578
7923,25.817577
7924,25.817576
7925,25.817576
7926,25.817575
7927,25.817574
7928,25.817574
7929,25.817573
7930,25.817572
7931,25.817571
7932,25.817571
7933,25.817570
7934,25.817569
7935,25.817569
7936,25.817568
7937,25.817567
7938,25.817567
7939,25.817566
7940,25.817565
7941,25.817564
7942,25.817564
7943,25.817563
7944,25.817562
7945,25.817562
7946,25.817561
7947,25.817560
7948,25.817560
7949,25.817559
7950,25.817558
7951,25.817557
7952,25.817557
7953,25.817556
7954,25.817555
7955,25.817555
7956,25.817554
7957,25.817553
7958,25.817553
7959,25.817552
7960,25.817551
7961,25.817550
7962,25.817550
7963,25.817549
7964,25.817548
7965,25.817548
7966,25.817547
7967,25.817546
7968,25.817546
7969,25.817545
7970,25.817544
7971,25.817544
7972,25.817543
7973,25.817542
7974,25.817541
7975,25.817541
7976,25.817540
7977,25.817539
7978,25.817539
7979,25.817538
7980,25.817537
7981,25.817537
7982,25.817536
7983,25.817535
7984,25.817534
7985,25.817534
7986,25.817533
7987,25.817532
7988,25.817532
7989,25.817531
7990,25.817530
7991,25.817530
7992,25.817529
7993,25.817528
7994,25.817528
7995,25.817527
7996,25.817526
7997,25.817525
7998,25.817525
7999,25.817524
8000,25.817523
