iter,cost
0,294.13595541401276
1,225.1236759339078
2,183.89392774276502
3,150.8467174388844
4,124.07906839808396
5,102.38971270079554
6,84.81388421440424
7,70.57030508382479
8,59.02612750580382
9,49.66872838445704
10,42.08286759615058
11,35.93218622527483
12,30.944220070436344
13,26.898260521602793
14,23.61552181195272
15,20.95117643723631
16,18.787903794548008
17,17.03066453229359
18,15.602467729456992
19,14.440942269610685
20,13.495559615471741
21,12.72538422051098
22,12.097251329007081
23,11.584290963005952
24,11.164732322783056
25,10.820935324207936
26,10.538606118829872
27,10.306161641672281
28,10.114214873059403
29,9.955157880288295
30,9.822824062353616
31,9.712214550428948
32,9.619276575706897
33,9.540723931913988
34,9.473891535550363
35,9.416617606253714
36,9.367148220365138
37,9.324059987628283
38,9.286197408408986
39,9.252622122865711
40,9.222571793279739
41,9.195426789877976
42,9.17068319807516
43,9.1479309466159
44,9.126836084158281
45,9.107126416573323
46,9.088579866869685
47,9.07101504086037
48,9.054283579867704
49,9.038263961290353
50,9.022856472275395
51,9.007979133919397
52,8.993564395690766
53,8.979556454004486
54,8.96590907661486
55,8.952583836958517
56,8.93954868077866
57,8.92677676210392
58,8.914245497597298
59,8.901935797964894
60,8.889831442950971
61,8.877918572794767
62,8.866185274167554
63,8.85462124277526
64,8.843217508187749
65,8.831966209190643
66,8.820860410171528
67,8.809893950847906
68,8.799061323098734
69,8.788357569840548
70,8.777778201844223
71,8.767319129162619
72,8.756976604467027
73,8.746747176098621
74,8.736627649053636
75,8.726615052455204
76,8.716706612335651
77,8.70689972877315
78,8.697191956604565
79,8.687580989081253
80,8.678064643951753
81,8.668640851550697
82,8.659307644550523
83,8.650063149095418
84,8.640905577088102
85,8.631833219441317
86,8.622844440139863
87,8.613937670986422
88,8.60511140692665
89,8.596364201867576
90,8.587694664917777
91,8.579101456990436
92,8.570583287719861
93,8.562138912650552
94,8.553767130664259
95,8.54546678161626
96,8.537236744156221
97,8.5290759337131
98,8.520983300626328
99,8.512957828408124
100,8.504998532124098
101,8.497104456880667
102,8.48927467640969
103,8.48150829174167
104,8.473804429960085
105,8.46616224303015
106,8.45858090669618
107,8.451059619442317
108,8.443597601511836
109,8.436194093980962
110,8.428848357883204
111,8.421559673380838
112,8.414327338980403
113,8.407150670789283
114,8.400029001810696
115,8.392961681274812
116,8.385948074003581
117,8.378987559807365
118,8.372079532911382
119,8.365223401410182
120,8.3584185867486
121,8.351664523227567
122,8.344960657533383
123,8.338306448289156
124,8.331701365627165
125,8.325144890780905
126,8.318636515695859
127,8.312175742657908
128,8.305762083938411
129,8.299395061455131
130,8.29307420644812
131,8.286799059169775
132,8.280569168588379
133,8.27438409210436
134,8.268243395278692
135,8.26214665157274
136,8.256093442099061
137,8.25008335538253
138,8.24411598713136
139,8.238190940017441
140,8.23230782346564
141,8.226466253451537
142,8.220665852307253
143,8.214906248535002
144,8.20918707662787
145,8.203507976897695
146,8.1978685953095
147,8.192268583322354
148,8.186707597736238
149,8.181185300544714
150,8.175701358793123
151,8.170255444442033
152,8.16484723423577
153,8.159476409575698
154,8.154142656398186
155,8.148845665056928
156,8.143585130209493
157,8.138360750707902
158,8.13317222949311
159,8.128019273493141
160,8.12290159352478
161,8.117818904198693
162,8.112770923827787
163,8.107757374338668
164,8.102777981186154
165,8.097832473270621
166,8.092920582858124
167,8.088042045503176
168,8.083196599974054
169,8.078383988180567
170,8.073603955104195
171,8.068856248730416
172,8.064140619983295
173,8.059456822662098
174,8.054804613379932
175,8.050183751504338
176,8.04559399909971
177,8.041035120871513
178,8.036506884112258
179,8.032009058649107
180,8.027541416793051
181,8.023103733289691
182,8.018695785271452
183,8.01431735221126
184,8.009968215877564
185,8.005648160290717
186,8.00135697168063
187,7.997094438445659
188,7.992860351112676
189,7.988654502298332
190,7.9844766866713535
191,7.980326700916
192,7.97620434369649
193,7.972109415622462
194,7.9680417192153925
195,7.964001058875919
196,7.959987240852115
197,7.956000073208593
198,7.952039365796463
199,7.9481049302240985
200,7.9441965798286995
201,7.940314129648605
202,7.936457396396324
203,7.932626198432329
204,7.928820355739449
205,7.925039689898021
206,7.921284024061609
207,7.917553182933404
208,7.91384699274316
209,7.910165281224775
210,7.906507877594393
211,7.902874612529073
212,7.899265318145963
213,7.8956798279820255
214,7.892117976974206
215,7.888579601440113
216,7.885064539059168
217,7.881572628854166
218,7.878103711173334
219,7.874657627672736
220,7.871234221299151
221,7.867833336273312
222,7.864454818073542
223,7.86109851341975
224,7.857764270257808
225,7.8544519377442725
226,7.851161366231412
227,7.8478924072526155
228,7.844644913508084
229,7.841418738850859
230,7.838213738273106
231,7.835029767892742
232,7.831866684940318
233,7.828724347746172
234,7.825602615727868
235,7.822501349377871
236,7.819420410251498
237,7.816359660955071
238,7.8133189651343695
239,7.810298187463258
240,7.807297193632548
241,7.804315850339105
242,7.801354025275136
243,7.798411587117687
244,7.795488405518347
245,7.792584351093148
246,7.7896992954126425
247,7.786833110992165
248,7.783985671282277
249,7.781156850659391
250,7.778346524416522
251,7.775554568754284
252,7.772780860771939
253,7.7700252784587
254,7.767287700685116
255,7.764568007194639
256,7.761866078595311
257,7.759181796351613
258,7.756515042776432
259,7.753865701023167
260,7.751233655077944
261,7.7486187897519985
262,7.746020990674127
263,7.743440144283294
264,7.740876137821352
265,7.738328859325846
266,7.735798197622951
267,7.73328404232052
268,7.730786283801211
269,7.728304813215754
270,7.725839522476267
271,7.7233903042497145
272,7.7209570519514354
273,7.718539659738774
274,7.716138022504775
275,7.713752035872024
276,7.711381596186497
277,7.709026600511547
278,7.706686946621972
279,7.70436253299811
280,7.702053258820102
281,7.699759023962121
282,7.697479728986771
283,7.695215275139513
284,7.692965564343148
285,7.690730499192422
286,7.688509982948639
287,7.686303919534374
288,7.684112213528259
289,7.681934770159801
290,7.67977149530429
291,7.677622295477743
292,7.675487077831931
293,7.673365750149457
294,7.671258220838878
295,7.669164398929906
296,7.667084194068635
297,7.665017516512849
298,7.662964277127352
299,7.660924387379411
300,7.65889775933414
301,7.656884305650074
302,7.654883939574644
303,7.652896574939832
304,7.650922126157779
305,7.648960508216496
306,7.64701163667556
307,7.645075427661931
308,7.643151797865759
309,7.641240664536225
310,7.6393419454774785
311,7.6374555590445645
312,7.6355814241394
313,7.633719460206822
314,7.631869587230631
315,7.630031725729701
316,7.628205796754121
317,7.626391721881362
318,7.62458942321249
319,7.622798823368435
320,7.6210198454862415
321,7.619252413215404
322,7.617496450714215
323,7.615751882646154
324,7.614018634176293
325,7.61229663096776
326,7.610585799178217
327,7.608886065456359
328,7.607197356938472
329,7.605519601245014
330,7.603852726477203
331,7.60219666121365
332,7.600551334507041
333,7.598916675880809
334,7.597292615325863
335,7.595679083297326
336,7.5940760107113405
337,7.592483328941814
338,7.590900969817315
339,7.589328865617871
340,7.587766949071885
341,7.586215153353032
342,7.584673412077183
343,7.583141659299379
344,7.5816198295107915
345,7.580107857635757
346,7.578605679028781
347,7.577113229471602
348,7.575630445170269
349,7.574157262752251
350,7.5726936192635375
351,7.571239452165818
352,7.569794699333625
353,7.568359299051515
354,7.566933190011319
355,7.565516311309349
356,7.564108602443658
357,7.56271000331131
358,7.561320454205701
359,7.559939895813841
360,7.558568269213726
361,7.557205515871674
362,7.555851577639724
363,7.554506396753007
364,7.55316991582718
365,7.551842077855862
366,7.550522826208092
367,7.549212104625789
368,7.547909857221269
369,7.546616028474732
370,7.545330563231815
371,7.544053406701119
372,7.54278450445179
373,7.541523802411102
374,7.540271246862045
375,7.539026784440967
376,7.537790362135192
377,7.53656192728067
378,7.535341427559668
379,7.534128810998445
380,7.532924025964943
381,7.531727021166535
382,7.530537745647732
383,7.529356148787959
384,7.5281821802993125
385,7.527015790224341
386,7.525856928933854
387,7.524705547124738
388,7.523561595817783
389,7.522425026355509
390,7.521295790400068
391,7.520173839931107
392,7.519059127243632
393,7.517951604945943
394,7.516851225957545
395,7.515757943507088
396,7.514671711130308
397,7.5135924826679945
398,7.512520212263976
399,7.511454854363103
400,7.510396363709253
401,7.509344695343357
402,7.508299804601427
403,7.50726164711261
404,7.506230178797236
405,7.505205355864918
406,7.504187134812597
407,7.503175472422674
408,7.502170325761121
409,7.501171652175593
410,7.50017940929358
411,7.49919355502055
412,7.498214047538119
413,7.497240845302216
414,7.496273907041292
415,7.495313191754507
416,7.494358658709937
417,7.493410267442827
418,7.4924679777538
419,7.491531749707118
420,7.490601543628942
421,7.489677320105623
422,7.488759039981947
423,7.487846664359474
424,7.4869401545948175
425,7.486039472297979
426,7.485144579330673
427,7.484255437804668
428,7.4833720100801475
429,7.482494258764059
430,7.481622146708503
431,7.480755637009119
432,7.479894693003477
433,7.479039278269486
434,7.478189356623808
435,7.477344892120298
436,7.476505849048444
437,7.475672191931789
438,7.4748438855264405
439,7.474020894819499
440,7.4732031850275575
441,7.472390721595179
442,7.471583470193421
443,7.470781396718334
444,7.469984467289468
445,7.469192648248426
446,7.4684059061573995
447,7.4676242077977015
448,7.466847520168355
449,7.46607581048464
450,7.465309046176673
451,7.464547194888031
452,7.463790224474276
453,7.463038103001655
454,7.462290798745639
455,7.461548280189584
456,7.460810516023372
457,7.460077475142034
458,7.459349126644408
459,7.458625439831823
460,7.457906384206728
461,7.457191929471421
462,7.456482045526691
463,7.455776702470546
464,7.455075870596903
465,7.454379520394316
466,7.453687622544685
467,7.45300014792198
468,7.452317067591014
469,7.451638352806156
470,7.4509639750101035
471,7.45029390583264
472,7.449628117089424
473,7.44896658078074
474,7.448309269090307
475,7.447656154384085
476,7.447007209209054
477,7.4463624062920415
478,7.445721718538545
479,7.445085119031542
480,7.444452581030354
481,7.443824077969472
482,7.443199583457405
483,7.442579071275552
484,7.441962515377049
485,7.441349889885659
486,7.440741169094666
487,7.4401363274657175
488,7.4395353396277635
489,7.438938180375939
490,7.438344824670493
491,7.437755247635675
492,7.437169424558687
493,7.436587330888612
494,7.436008942235325
495,7.435434234368485
496,7.434863183216446
497,7.4342957648652375
498,7.433731955557535
499,7.4331717316916075
500,7.432615069820327
501,7.432061946650141
502,7.4315123390400695
503,7.430966224000692
504,7.430423578693182
505,7.429884380428279
506,7.429348606665357
507,7.428816235011412
508,7.428287243220108
509,7.4277616091908225
510,7.427239310967673
511,7.42672032673858
512,7.426204634834347
513,7.425692213727668
514,7.425183042032257
515,7.424677098501882
516,7.42417436202947
517,7.423674811646189
518,7.423178426520531
519,7.422685185957436
520,7.422195069397373
521,7.4217080564154605
522,7.421224126720604
523,7.420743260154585
524,7.420265436691212
525,7.419790636435446
526,7.419318839622552
527,7.4188500266172355
528,7.4183841779127935
529,7.417921274130287
530,7.417461296017681
531,7.417004224449026
532,7.416550040423637
533,7.41609872506526
534,7.415650259621267
535,7.415204625461831
536,7.414761804079152
537,7.414321777086618
538,7.4138845262180375
539,7.41345003332686
540,7.413018280385347
541,7.412589249483834
542,7.412162922829959
543,7.411739282747857
544,7.411318311677437
545,7.410899992173602
546,7.410484306905493
547,7.4100712386557595
548,7.409660770319795
549,7.409252884905012
550,7.408847565530102
551,7.408444795424299
552,7.408044557926681
553,7.407646836485425
554,7.407251614657098
555,7.406858876105951
556,7.40646860460322
557,7.406080784026407
558,7.405695398358594
559,7.405312431687763
560,7.404931868206092
561,7.4045536922092685
562,7.404177888095833
563,7.403804440366483
564,7.403433333623428
565,7.403064552569694
566,7.402698082008487
567,7.40233390684253
568,7.401972012073402
569,7.401612382800908
570,7.401255004222422
571,7.400899861632255
572,7.400546940421009
573,7.400196226074959
574,7.399847704175424
575,7.399501360398142
576,7.3991571805126375
577,7.398815150381639
578,7.398475255960439
579,7.3981374832963045
580,7.3978018185278644
581,7.397468247884522
582,7.397136757685842
583,7.396807334340985
584,7.396479964348102
585,7.396154634293748
586,7.395831330852333
587,7.395510040785507
588,7.395190750941613
589,7.3948734482551135
590,7.3945581197460175
591,7.394244752519345
592,7.393933333764543
593,7.393623850754942
594,7.39331629084721
595,7.393010641480801
596,7.392706890177422
597,7.392405024540488
598,7.392105032254582
599,7.3918069010849266
600,7.391510618876866
601,7.3912161735553275
602,7.390923553124306
603,7.390632745666335
604,7.390343739342003
605,7.390056522389417
606,7.389771083123679
607,7.389487409936423
608,7.389205491295292
609,7.388925315743432
610,7.388646871899007
611,7.388370148454713
612,7.388095134177281
613,7.387821817906999
614,7.387550188557218
615,7.387280235113885
616,7.387011946635073
617,7.386745312250478
618,7.386480321160992
619,7.386216962638212
620,7.385955226023978
621,7.385695100729911
622,7.385436576236963
623,7.385179642094975
624,7.384924287922188
625,7.384670503404838
626,7.3844182782966765
627,7.384167602418561
628,7.383918465657972
629,7.383670857968628
630,7.383424769370007
631,7.383180189946939
632,7.38293710984918
633,7.382695519290974
634,7.382455408550636
635,7.382216767970132
636,7.381979587954673
637,7.38174385897228
638,7.381509571553386
639,7.381276716290422
640,7.381045283837422
641,7.380815264909601
642,7.38058665028298
643,7.380359430793946
644,7.380133597338908
645,7.379909140873864
646,7.37968605241403
647,7.379464323033446
648,7.379243943864594
649,7.379024906098014
650,7.378807200981914
651,7.378590819821812
652,7.378375753980149
653,7.378161994875905
654,7.377949533984252
655,7.377738362836178
656,7.37752847301811
657,7.377319856171556
658,7.377112503992753
659,7.376906408232305
660,7.37670156069482
661,7.376497953238561
662,7.376295577775096
663,7.37609442626895
664,7.375894490737247
665,7.3756957632493805
666,7.375498235926668
667,7.375301900941996
668,7.375106750519499
669,7.374912776934229
670,7.374719972511793
671,7.374528329628059
672,7.374337840708785
673,7.3741484982293475
674,7.3739602947143545
675,7.373773222737368
676,7.373587274920565
677,7.373402443934422
678,7.373218722497398
679,7.373036103375628
680,7.372854579382599
681,7.372674143378843
682,7.372494788271628
683,7.372316507014667
684,7.372139292607795
685,7.371963138096663
686,7.371788036572465
687,7.3716139811716115
688,7.371440965075454
689,7.37126898150997
690,7.371098023745495
691,7.370928085096408
692,7.370759158920864
693,7.370591238620488
694,7.3704243176401025
695,7.370258389467449
696,7.370093447632892
697,7.369929485709155
698,7.369766497311022
699,7.369604476095086
700,7.369443415759471
701,7.3692833100435315
702,7.369124152727634
703,7.3689659376328365
704,7.3688086586206545
705,7.368652309592783
706,7.368496884490836
707,7.368342377296087
708,7.368188782029207
709,7.368036092750017
710,7.367884303557202
711,7.367733408588086
712,7.367583402018383
713,7.367434278061908
714,7.3672860309703685
715,7.3671386550330835
716,7.366992144576772
717,7.366846493965278
718,7.366701697599328
719,7.36655774991632
720,7.366414645390055
721,7.366272378530504
722,7.366130943883559
723,7.365990336030843
724,7.36585054958943
725,7.36571157921162
726,7.365573419584727
727,7.365436065430837
728,7.365299511506581
729,7.365163752602905
730,7.365028783544868
731,7.3648945991913735
732,7.364761194434996
733,7.364628564201736
734,7.364496703450797
735,7.364365607174389
736,7.364235270397485
737,7.364105688177627
738,7.363976855604705
739,7.3638487678007545
740,7.363721419919722
741,7.363594807147284
742,7.363468924700619
743,7.36334376782822
744,7.363219331809669
745,7.363095611955443
746,7.362972603606718
747,7.362850302135157
748,7.362728702942714
749,7.362607801461444
750,7.362487593153283
751,7.362368073509887
752,7.362249238052403
753,7.362131082331296
754,7.362013601926152
755,7.361896792445493
756,7.361780649526565
757,7.3616651688351915
758,7.361550346065528
759,7.361436176939941
760,7.361322657208779
761,7.361209782650199
762,7.361097549069992
763,7.360985952301402
764,7.360874988204924
765,7.360764652668173
766,7.360654941605644
767,7.360545850958598
768,7.360437376694832
769,7.360329514808546
770,7.360222261320155
771,7.360115612276107
772,7.3600095637487355
773,7.359904111836058
774,7.359799252661648
775,7.3596949823744335
776,7.359591297148547
777,7.359488193183157
778,7.359385666702304
779,7.35928371395474
780,7.35918233121376
781,7.359081514777047
782,7.358981260966524
783,7.358881566128156
784,7.358782426631841
785,7.358683838871222
786,7.358585799263538
787,7.358488304249484
788,7.3583913502930365
789,7.358294933881305
790,7.358199051524395
791,7.358103699755252
792,7.358008875129487
793,7.3579145742252665
794,7.357820793643145
795,7.35772753000592
796,7.357634779958476
797,7.357542540167669
798,7.357450807322149
799,7.357359578132241
800,7.357268849329792
801,7.357178617668027
802,7.357088879921429
803,7.3569996328855645
804,7.356910873376994
805,7.356822598233072
806,7.356734804311884
807,7.356647488492034
808,7.356560647672582
809,7.356474278772856
810,7.356388378732347
811,7.356302944510563
812,7.356217973086926
813,7.356133461460583
814,7.356049406650348
815,7.355965805694527
816,7.355882655650795
817,7.35579995359609
818,7.355717696626466
819,7.355635881856977
820,7.355554506421551
821,7.355473567472865
822,7.355393062182222
823,7.355312987739443
824,7.355233341352714
825,7.3551541202484945
826,7.355075321671397
827,7.354996942884047
828,7.354918981166977
829,7.354841433818517
830,7.354764298154675
831,7.354687571509
832,7.354611251232496
833,7.354535334693495
834,7.354459819277547
835,7.354384702387297
836,7.354309981442382
837,7.354235653879326
838,7.354161717151409
839,7.354088168728581
840,7.3540150060973355
841,7.353942226760614
842,7.353869828237683
843,7.353797808064042
844,7.353726163791301
845,7.353654892987108
846,7.353583993234996
847,7.353513462134318
848,7.353443297300123
849,7.353373496363061
850,7.353304056969281
851,7.353234976780333
852,7.353166253473052
853,7.353097884739465
854,7.353029868286712
855,7.352962201836913
856,7.352894883127093
857,7.352827909909077
858,7.3527612799494
859,7.352694991029193
860,7.352629040944103
861,7.3525634275041964
862,7.352498148533864
863,7.352433201871715
864,7.352368585370506
865,7.352304296897036
866,7.352240334332041
867,7.352176695570136
868,7.352113378519686
869,7.352050381102751
870,7.3519877012549655
871,7.351925336925475
872,7.351863286076836
873,7.351801546684919
874,7.351740116738844
875,7.351678994240876
876,7.351618177206331
877,7.351557663663528
878,7.351497451653662
879,7.351437539230736
880,7.351377924461493
881,7.351318605425298
882,7.351259580214088
883,7.351200846932273
884,7.351142403696656
885,7.3510842486363615
886,7.351026379892732
887,7.350968795619282
888,7.3509114939815845
889,7.350854473157215
890,7.350797731335654
891,7.3507412667182335
892,7.350685077518041
893,7.350629161959845
894,7.350573518280019
895,7.350518144726475
896,7.350463039558568
897,7.350408201047049
898,7.350353627473964
899,7.350299317132583
900,7.350245268327358
901,7.3501914793738035
902,7.350137948598458
903,7.350084674338797
904,7.350031654943162
905,7.3499788887707
906,7.349926374191276
907,7.349874109585418
908,7.349822093344232
909,7.349770323869359
910,7.349718799572865
911,7.349667518877221
912,7.349616480215188
913,7.349565682029781
914,7.349515122774202
915,7.349464800911746
916,7.34941471491577
917,7.349364863269587
918,7.349315244466457
919,7.34926585700946
920,7.34921669941147
921,7.349167770195084
922,7.3491190678925555
923,7.349070591045724
924,7.349022338205962
925,7.348974307934119
926,7.348926498800441
927,7.348878909384524
928,7.348831538275241
929,7.348784384070692
930,7.348737445378134
931,7.348690720813943
932,7.348644209003513
933,7.348597908581239
934,7.348551818190434
935,7.348505936483275
936,7.348460262120752
937,7.348414793772605
938,7.348369530117261
939,7.348324469841791
940,7.348279611641838
941,7.348234954221579
942,7.348190496293646
943,7.348146236579089
944,7.348102173807317
945,7.348058306716039
946,7.348014634051211
947,7.347971154566986
948,7.347927867025656
949,7.3478847701976
950,7.347841862861225
951,7.3477991438029315
952,7.34775661181704
953,7.347714265705752
954,7.347672104279097
955,7.347630126354869
956,7.347588330758596
957,7.347546716323476
958,7.347505281890329
959,7.347464026307548
960,7.3474229484310465
961,7.3473820471242215
962,7.347341321257878
963,7.347300769710216
964,7.347260391366752
965,7.347220185120292
966,7.347180149870856
967,7.347140284525671
968,7.347100587999092
969,7.347061059212565
970,7.347021697094584
971,7.346982500580634
972,7.3469434686131665
973,7.346904600141532
974,7.346865894121933
975,7.34682734951742
976,7.346788965297777
977,7.346750740439549
978,7.346712673925948
979,7.3466747647468305
980,7.346637011898648
981,7.346599414384413
982,7.34656197121364
983,7.346524681402324
984,7.3464875439728665
985,7.346450557954076
986,7.3464137223810795
987,7.346377036295322
988,7.3463404987445085
989,7.346304108782542
990,7.346267865469528
991,7.346231767871696
992,7.346195815061375
993,7.346160006116957
994,7.346124340122832
995,7.34608881616939
996,7.346053433352951
997,7.346018190775737
998,7.345983087545829
999,7.345948122777131
1000,7.3459132955893285
1001,7.345878605107862
1002,7.345844050463885
1003,7.345809630794207
1004,7.345775345241285
1005,7.345741192953164
1006,7.345707173083463
1007,7.3456732847913155
1008,7.34563952724135
1009,7.345605899603648
1010,7.345572401053706
1011,7.34553903077239
1012,7.345505787945937
1013,7.34547267176588
1014,7.3454396814290295
1015,7.345406816137443
1016,7.34537407509838
1017,7.345341457524277
1018,7.345308962632713
1019,7.345276589646365
1020,7.345244337792989
1021,7.345212206305384
1022,7.345180194421348
1023,7.345148301383656
1024,7.345116526440027
1025,7.345084868843076
1026,7.3450533278503185
1027,7.345021902724093
1028,7.344990592731562
1029,7.344959397144663
1030,7.344928315240092
1031,7.344897346299259
1032,7.344866489608262
1033,7.344835744457859
1034,7.3448051101434295
1035,7.344774585964961
1036,7.344744171226995
1037,7.344713865238621
1038,7.344683667313435
1039,7.344653576769487
1040,7.344623592929315
1041,7.344593715119852
1042,7.344563942672414
1043,7.344534274922697
1044,7.344504711210724
1045,7.344475250880821
1046,7.344445893281587
1047,7.344416637765877
1048,7.344387483690762
1049,7.344358430417512
1050,7.344329477311547
1051,7.344300623742443
1052,7.344271869083877
1053,7.344243212713613
1054,7.344214654013479
1055,7.344186192369321
1056,7.3441578271710055
1057,7.344129557812356
1058,7.344101383691174
1059,7.344073304209169
1060,7.344045318771954
1061,7.344017426789027
1062,7.3439896276737215
1063,7.343961920843206
1064,7.343934305718455
1065,7.343906781724197
1066,7.3438793482889215
1067,7.343852004844854
1068,7.343824750827909
1069,7.343797585677676
1070,7.343770508837406
1071,7.343743519753977
1072,7.343716617877866
1073,7.343689802663135
1074,7.34366307356741
1075,7.343636430051847
1076,7.343609871581112
1077,7.343583397623361
1078,7.3435570076502135
1079,7.343530701136741
1080,7.343504477561429
1081,7.34347833640616
1082,7.343452277156195
1083,7.343426299300151
1084,7.3434004023299755
1085,7.343374585740923
1086,7.343348849031539
1087,7.343323191703638
1088,7.343297613262279
1089,7.343272113215749
1090,7.343246691075525
1091,7.34322134635628
1092,7.343196078575847
1093,7.343170887255194
1094,7.343145771918416
1095,7.3431207320926974
1096,7.3430957673083155
1097,7.343070877098591
1098,7.34304606099991
1099,7.343021318551649
1100,7.342996649296193
1101,7.342972052778925
1102,7.342947528548166
1103,7.342923076155192
1104,7.342898695154186
1105,7.342874385102254
1106,7.342850145559368
1107,7.342825976088382
1108,7.342801876254974
1109,7.342777845627676
1110,7.342753883777803
1111,7.342729990279486
1112,7.3427061647096075
1113,7.342682406647812
1114,7.342658715676485
1115,7.34263509138072
1116,7.342611533348331
1117,7.342588041169788
1118,7.342564614438245
1119,7.3425412527494975
1120,7.342517955701973
1121,7.342494722896719
1122,7.3424715539373615
1123,7.3424484484301225
1124,7.342425405983788
1125,7.342402426209665
1126,7.342379508721621
1127,7.34235665313602
1128,7.342333859071716
1129,7.342311126150064
1130,7.342288453994861
1131,7.342265842232358
1132,7.342243290491246
1133,7.3422207984026135
1134,7.342198365599971
1135,7.342175991719194
1136,7.342153676398539
1137,7.342131419278603
1138,7.342109220002334
1139,7.342087078214991
1140,7.342064993564146
1141,7.342042965699662
1142,7.34202099427368
1143,7.341999078940602
1144,7.3419772193570685
1145,7.341955415181966
1146,7.341933666076393
1147,7.341911971703652
1148,7.3418903317292346
1149,7.341868745820801
1150,7.341847213648181
1151,7.341825734883347
1152,7.341804309200405
1153,7.341782936275568
1154,7.3417616157871795
1155,7.341740347415645
1156,7.341719130843461
1157,7.341697965755188
1158,7.341676851837427
1159,7.3416557887788265
1160,7.341634776270061
1161,7.341613814003798
1162,7.341592901674716
1163,7.34157203897947
1164,7.341551225616694
1165,7.341530461286966
1166,7.341509745692822
1167,7.341489078538728
1168,7.341468459531056
1169,7.341447888378108
1170,7.341427364790062
1171,7.341406888478993
1172,7.341386459158831
1173,7.341366076545367
1174,7.341345740356249
1175,7.3413254503109515
1176,7.34130520613076
1177,7.341285007538786
1178,7.341264854259931
1179,7.341244746020886
1180,7.341224682550105
1181,7.341204663577818
1182,7.341184688836003
1183,7.341164758058376
1184,7.341144870980372
1185,7.341125027339163
1186,7.3411052268736166
1187,7.341085469324285
1188,7.341065754433417
1189,7.341046081944936
1190,7.341026451604411
1191,7.341006863159079
1192,7.340987316357808
1193,7.340967810951095
1194,7.34094834669106
1195,7.340928923331422
1196,7.340909540627517
1197,7.340890198336243
1198,7.340870896216088
1199,7.340851634027108
1200,7.340832411530909
1201,7.3408132284906475
1202,7.340794084671011
1203,7.340774979838216
1204,7.34075591376
1205,7.340736886205587
1206,7.340717896945725
1207,7.340698945752624
1208,7.340680032399987
1209,7.3406611566629705
1210,7.3406423183181975
1211,7.34062351714374
1212,7.340604752919095
1213,7.340586025425205
1214,7.340567334444416
1215,7.340548679760501
1216,7.340530061158626
1217,7.340511478425334
1218,7.340492931348583
1219,7.3404744197176806
1220,7.340455943323299
1221,7.340437501957479
1222,7.340419095413599
1223,7.340400723486379
1224,7.340382385971863
1225,7.340364082667426
1226,7.340345813371747
1227,7.340327577884809
1228,7.340309376007893
1229,7.340291207543565
1230,7.340273072295667
1231,7.340254970069316
1232,7.340236900670885
1233,7.340218863908002
1234,7.340200859589537
1235,7.3401828875256
1236,7.340164947527542
1237,7.340147039407907
1238,7.340129162980473
1239,7.3401113180602096
1240,7.3400935044633
1241,7.340075722007105
1242,7.340057970510162
1243,7.340040249792197
1244,7.3400225596740905
1245,7.3400048999778775
1246,7.339987270526761
1247,7.339969671145067
1248,7.339952101658275
1249,7.339934561892978
1250,7.339917051676899
1251,7.339899570838876
1252,7.3398821192088395
1253,7.3398646966178385
1254,7.339847302897998
1255,7.339829937882539
1256,7.339812601405747
1257,7.339795293302992
1258,7.339778013410709
1259,7.33976076156637
1260,7.339743537608518
1261,7.339726341376724
1262,7.339709172711606
1263,7.339692031454803
1264,7.33967491744898
1265,7.339657830537826
1266,7.339640770566024
1267,7.339623737379266
1268,7.339606730824246
1269,7.3395897507486385
1270,7.339572797001106
1271,7.339555869431293
1272,7.339538967889795
1273,7.339522092228202
1274,7.339505242299032
1275,7.339488417955775
1276,7.339471619052848
1277,7.339454845445633
1278,7.339438096990414
1279,7.33942137354442
1280,7.339404674965803
1281,7.339388001113624
1282,7.339371351847849
1283,7.339354727029357
1284,7.339338126519906
1285,7.339321550182167
1286,7.339304997879688
1287,7.339288469476888
1288,7.339271964839065
1289,7.339255483832397
1290,7.339239026323904
1291,7.339222592181474
1292,7.3392061812738465
1293,7.339189793470604
1294,7.339173428642166
1295,7.339157086659794
1296,7.339140767395573
1297,7.339124470722417
1298,7.339108196514043
1299,7.339091944645003
1300,7.3390757149906465
1301,7.33905950742712
1302,7.33904332183137
1303,7.339027158081141
1304,7.339011016054961
1305,7.338994895632138
1306,7.338978796692747
1307,7.338962719117659
1308,7.338946662788491
1309,7.338930627587624
1310,7.338914613398203
1311,7.33889862010412
1312,7.33888264759001
1313,7.338866695741252
1314,7.338850764443968
1315,7.338834853585004
1316,7.338818963051937
1317,7.338803092733069
1318,7.338787242517408
1319,7.338771412294688
1320,7.338755601955349
1321,7.338739811390531
1322,7.33872404049207
1323,7.338708289152513
1324,7.338692557265076
1325,7.338676844723669
1326,7.338661151422894
1327,7.338645477258007
1328,7.338629822124961
1329,7.3386141859203535
1330,7.3385985685414665
1331,7.338582969886225
1332,7.33856738985322
1333,7.338551828341688
1334,7.338536285251508
1335,7.338520760483212
1336,7.338505253937954
1337,7.3384897655175445
1338,7.338474295124399
1339,7.338458842661571
1340,7.338443408032733
1341,7.338427991142184
1342,7.33841259189482
1343,7.33839721019616
1344,7.338381845952316
1345,7.338366499070017
1346,7.33835116945657
1347,7.338335857019901
1348,7.3383205616685
1349,7.338305283311456
1350,7.338290021858438
1351,7.338274777219693
1352,7.338259549306045
1353,7.338244338028884
1354,7.338229143300168
1355,7.3382139650324225
1356,7.338198803138727
1357,7.338183657532721
1358,7.338168528128595
1359,7.33815341484109
1360,7.338138317585481
1361,7.338123236277604
1362,7.338108170833821
1363,7.338093121171026
1364,7.338078087206652
1365,7.338063068858653
1366,7.338048066045513
1367,7.338033078686235
1368,7.338018106700331
1369,7.338003150007841
1370,7.337988208529308
1371,7.337973282185781
1372,7.337958370898811
1373,7.337943474590459
1374,7.3379285931832765
1375,7.337913726600308
1376,7.337898874765098
1377,7.337884037601668
1378,7.3378692150345275
1379,7.337854406988666
1380,7.337839613389557
1381,7.337824834163142
1382,7.337810069235842
1383,7.337795318534541
1384,7.337780581986589
1385,7.3377658595198065
1386,7.337751151062457
1387,7.337736456543282
1388,7.337721775891464
1389,7.337707109036637
1390,7.3376924559088845
1391,7.337677816438737
1392,7.337663190557165
1393,7.337648578195581
1394,7.337633979285824
1395,7.3376193937601855
1396,7.337604821551369
1397,7.337590262592509
1398,7.337575716817181
1399,7.337561184159366
1400,7.337546664553466
1401,7.33753215793431
1402,7.337517664237126
1403,7.3375031833975735
1404,7.337488715351698
1405,7.337474260035968
1406,7.337459817387252
1407,7.3374453873428145
1408,7.337430969840321
1409,7.337416564817835
1410,7.337402172213805
1411,7.337387791967082
1412,7.337373424016891
1413,7.337359068302854
1414,7.337344724764971
1415,7.337330393343626
1416,7.33731607397957
1417,7.337301766613945
1418,7.337287471188253
1419,7.337273187644378
1420,7.337258915924557
1421,7.337244655971409
1422,7.337230407727909
1423,7.3372161711373876
1424,7.337201946143541
1425,7.3371877326904205
1426,7.337173530722436
1427,7.337159340184337
1428,7.337145161021235
1429,7.337130993178576
1430,7.337116836602167
1431,7.337102691238142
1432,7.33708855703298
1433,7.337074433933505
1434,7.3370603218868755
1435,7.33704622084057
1436,7.3370321307424105
1437,7.337018051540555
1438,7.337003983183473
1439,7.336989925619971
1440,7.336975878799168
1441,7.336961842670517
1442,7.336947817183782
1443,7.336933802289033
1444,7.336919797936685
1445,7.336905804077433
1446,7.336891820662304
1447,7.336877847642618
1448,7.3368638849700165
1449,7.3368499325964365
1450,7.336835990474122
1451,7.336822058555612
1452,7.33680813679375
1453,7.336794225141675
1454,7.336780323552816
1455,7.336766431980897
1456,7.336752550379942
1457,7.336738678704255
1458,7.336724816908421
1459,7.3367109649473266
1460,7.336697122776125
1461,7.336683290350273
1462,7.336669467625478
1463,7.336655654557749
1464,7.336641851103363
1465,7.336628057218866
1466,7.336614272861092
1467,7.336600497987127
1468,7.336586732554339
1469,7.336572976520358
1470,7.336559229843082
1471,7.336545492480669
1472,7.336531764391545
1473,7.336518045534385
1474,7.33650433586814
1475,7.336490635352004
1476,7.3364769439454385
1477,7.336463261608141
1478,7.3364495883000735
1479,7.336435923981448
1480,7.336422268612727
1481,7.336408622154607
1482,7.336394984568048
1483,7.336381355814248
1484,7.336367735854639
1485,7.3363541246509
1486,7.336340522164948
1487,7.336326928358942
1488,7.336313343195274
1489,7.336299766636571
1490,7.3362861986456895
1491,7.336272639185717
1492,7.336259088219979
1493,7.336245545712029
1494,7.336232011625638
1495,7.33621848592481
1496,7.336204968573772
1497,7.336191459536972
1498,7.336177958779079
1499,7.3361644662649805
1500,7.336150981959798
1501,7.336137505828841
1502,7.336124037837658
1503,7.336110577952003
1504,7.336097126137838
1505,7.336083682361355
1506,7.336070246588927
1507,7.336056818787164
1508,7.336043398922864
1509,7.336029986963043
1510,7.336016582874908
1511,7.336003186625889
1512,7.3359897981835935
1513,7.335976417515851
1514,7.335963044590685
1515,7.3359496793762995
1516,7.335936321841126
1517,7.335922971953764
1518,7.335909629683023
1519,7.335896294997902
1520,7.335882967867581
1521,7.335869648261453
1522,7.335856336149075
1523,7.335843031500215
1524,7.335829734284806
1525,7.335816444472984
1526,7.335803162035057
1527,7.335789886941523
1528,7.335776619163069
1529,7.335763358670546
1530,7.335750105434991
1531,7.335736859427625
1532,7.335723620619842
1533,7.335710388983214
1534,7.335697164489487
1535,7.335683947110571
1536,7.335670736818571
1537,7.3356575335857395
1538,7.335644337384524
1539,7.335631148187512
1540,7.335617965967487
1541,7.335604790697386
1542,7.335591622350313
1543,7.3355784608995345
1544,7.335565306318484
1545,7.3355521585807635
1546,7.335539017660134
1547,7.335525883530509
1548,7.335512756165969
1549,7.335499635540752
1550,7.3354865216292495
1551,7.335473414406024
1552,7.335460313845772
1553,7.335447219923366
1554,7.335434132613819
1555,7.3354210518922915
1556,7.335407977734114
1557,7.335394910114754
1558,7.335381849009828
1559,7.335368794395112
1560,7.3353557462465195
1561,7.335342704540111
1562,7.335329669252105
1563,7.335316640358852
1564,7.335303617836845
1565,7.335290601662738
1566,7.335277591813297
1567,7.335264588265463
1568,7.335251590996293
1569,7.33523859998299
1570,7.335225615202905
1571,7.3352126366335115
1572,7.335199664252427
1573,7.335186698037412
1574,7.335173737966344
1575,7.33516078401725
1576,7.3351478361682805
1577,7.335134894397723
1578,7.335121958684007
1579,7.335109029005668
1580,7.3350961053413934
1581,7.335083187669987
1582,7.3350702759703905
1583,7.335057370221657
1584,7.335044470402982
1585,7.3350315764936855
1586,7.335018688473199
1587,7.33500580632109
1588,7.334992930017044
1589,7.334980059540877
1590,7.3349671948725135
1591,7.334954335992006
1592,7.3349414828795245
1593,7.334928635515371
1594,7.334915793879939
1595,7.334902957953768
1596,7.334890127717499
1597,7.334877303151889
1598,7.334864484237821
1599,7.33485167095628
1600,7.334838863288367
1601,7.3348260612153116
1602,7.334813264718434
1603,7.334800473779181
1604,7.334787688379106
1605,7.3347749084998695
1606,7.334762134123246
1607,7.334749365231117
1608,7.334736601805473
1609,7.334723843828412
1610,7.334711091282139
1611,7.334698344148957
1612,7.334685602411295
1613,7.334672866051664
1614,7.334660135052691
1615,7.3346474093971095
1616,7.334634689067741
1617,7.334621974047526
1618,7.334609264319498
1619,7.334596559866788
1620,7.334583860672633
1621,7.334571166720371
1622,7.334558477993429
1623,7.334545794475347
1624,7.334533116149748
1625,7.334520443000362
1626,7.334507775011008
1627,7.3344951121656035
1628,7.334482454448169
1629,7.334469801842805
1630,7.334457154333714
1631,7.334444511905191
1632,7.33443187454163
1633,7.3344192422275
1634,7.334406614947376
1635,7.33439399268592
1636,7.334381375427885
1637,7.334368763158112
1638,7.3343561558615304
1639,7.3343435535231665
1640,7.334330956128115
1641,7.334318363661578
1642,7.334305776108839
1643,7.3342931934552595
1644,7.334280615686298
1645,7.334268042787492
1646,7.3342554747444595
1647,7.334242911542918
1648,7.334230353168647
1649,7.334217799607534
1650,7.334205250845518
1651,7.334192706868652
1652,7.334180167663048
1653,7.334167633214908
1654,7.334155103510516
1655,7.334142578536229
1656,7.334130058278487
1657,7.334117542723812
1658,7.334105031858794
1659,7.334092525670118
1660,7.334080024144529
1661,7.334067527268862
1662,7.3340550350300155
1663,7.334042547414973
1664,7.334030064410794
1665,7.334017586004607
1666,7.33400511218362
1667,7.33399264293511
1668,7.3339801782464304
1669,7.333967718105011
1670,7.333955262498345
1671,7.333942811414006
1672,7.3339303648396355
1673,7.333917922762946
1674,7.333905485171728
1675,7.333893052053825
1676,7.333880623397165
1677,7.333868199189744
1678,7.333855779419619
1679,7.333843364074923
1680,7.333830953143852
1681,7.333818546614678
1682,7.3338061444757265
1683,7.333793746715402
1684,7.333781353322167
1685,7.333768964284555
1686,7.3337565795911654
1687,7.33374419923065
1688,7.333731823191746
1689,7.33371945146324
1690,7.333707084033988
1691,7.333694720892906
1692,7.333682362028973
1693,7.333670007431235
1694,7.333657657088796
1695,7.333645310990824
1696,7.3336329691265485
1697,7.333620631485249
1698,7.333608298056287
1699,7.33359596882907
1700,7.333583643793064
1701,7.333571322937798
1702,7.333559006252862
1703,7.333546693727905
1704,7.333534385352624
1705,7.333522081116791
1706,7.33350978101022
1707,7.33349748502279
1708,7.333485193144437
1709,7.3334729053651495
1710,7.3334606216749725
1711,7.333448342064014
1712,7.333436066522427
1713,7.333423795040424
1714,7.33341152760827
1715,7.333399264216294
1716,7.333387004854868
1717,7.333374749514419
1718,7.333362498185434
1719,7.333350250858443
1720,7.3333380075240315
1721,7.3333257681728465
1722,7.333313532795579
1723,7.333301301382969
1724,7.333289073925811
1725,7.333276850414955
1726,7.33326463084129
1727,7.333252415195773
1728,7.333240203469391
1729,7.333227995653198
1730,7.333215791738281
1731,7.333203591715789
1732,7.333191395576918
1733,7.333179203312899
1734,7.33316701491503
1735,7.33315483037465
1736,7.333142649683138
1737,7.333130472831929
1738,7.333118299812501
1739,7.333106130616376
1740,7.333093965235133
1741,7.3330818036603835
1742,7.3330696458837945
1743,7.33305749189707
1744,7.333045341691966
1745,7.3330331952602785
1746,7.3330210525938595
1747,7.333008913684586
1748,7.332996778524393
1749,7.332984647105258
1750,7.332972519419191
1751,7.332960395458264
1752,7.332948275214575
1753,7.332936158680274
1754,7.332924045847547
1755,7.332911936708623
1756,7.33289983125578
1757,7.332887729481334
1758,7.332875631377635
1759,7.332863536937081
1760,7.332851446152109
1761,7.332839359015204
1762,7.3328272755188735
1763,7.332815195655683
1764,7.332803119418225
1765,7.332791046799143
1766,7.332778977791108
1767,7.332766912386837
1768,7.332754850579081
1769,7.33274279236064
1770,7.33273073772434
1771,7.332718686663049
1772,7.3327066391696745
1773,7.332694595237162
1774,7.332682554858485
1775,7.332670518026672
1776,7.332658484734774
1777,7.3326464549758805
1778,7.33263442874312
1779,7.332622406029656
1780,7.332610386828693
1781,7.33259837113346
1782,7.332586358937235
1783,7.332574350233317
1784,7.332562345015049
1785,7.332550343275811
1786,7.332538345009008
1787,7.3325263502080835
1788,7.332514358866518
1789,7.33250237097783
1790,7.332490386535561
1791,7.3324784055332906
1792,7.33246642796463
1793,7.332454453823223
1794,7.332442483102756
1795,7.3324305157969345
1796,7.332418551899507
1797,7.332406591404245
1798,7.332394634304957
1799,7.332382680595487
1800,7.332370730269699
1801,7.332358783321503
1802,7.332346839744832
1803,7.3323348995336435
1804,7.332322962681943
1805,7.33231102918375
1806,7.332299099033125
1807,7.332287172224158
1808,7.332275248750962
1809,7.332263328607677
1810,7.332251411788495
1811,7.332239498287614
1812,7.332227588099262
1813,7.332215681217717
1814,7.332203777637267
1815,7.332191877352233
1816,7.332179980356968
1817,7.332168086645847
1818,7.332156196213282
1819,7.33214430905371
1820,7.332132425161588
1821,7.332120544531409
1822,7.332108667157692
1823,7.332096793034987
1824,7.332084922157862
1825,7.332073054520918
1826,7.33206119011878
1827,7.332049328946111
1828,7.332037470997577
1829,7.332025616267893
1830,7.332013764751792
1831,7.332001916444025
1832,7.331990071339386
1833,7.331978229432681
1834,7.331966390718738
1835,7.33195455519243
1836,7.331942722848639
1837,7.331930893682274
1838,7.331919067688268
1839,7.331907244861587
1840,7.331895425197217
1841,7.331883608690164
1842,7.331871795335467
1843,7.331859985128179
1844,7.331848178063383
1845,7.331836374136185
1846,7.331824573341717
1847,7.331812775675125
1848,7.331800981131596
1849,7.331789189706324
1850,7.3317774013945325
1851,7.331765616191465
1852,7.331753834092393
1853,7.33174205509261
1854,7.331730279187422
1855,7.3317185063721695
1856,7.331706736642209
1857,7.33169496999293
1858,7.331683206419721
1859,7.331671445918013
1860,7.3316596884832546
1861,7.331647934110909
1862,7.331636182796464
1863,7.331624434535434
1864,7.33161268932335
1865,7.33160094715576
1866,7.331589208028243
1867,7.33157747193639
1868,7.3315657388758115
1869,7.331554008842149
1870,7.331542281831058
1871,7.331530557838209
1872,7.331518836859305
1873,7.3315071188900545
1874,7.331495403926199
1875,7.331483691963491
1876,7.3314719829977095
1877,7.3314602770246475
1878,7.331448574040111
1879,7.3314368740399525
1880,7.3314251770200025
1881,7.3314134829761475
1882,7.331401791904273
1883,7.331390103800292
1884,7.3313784186601225
1885,7.331366736479722
1886,7.331355057255056
1887,7.331343380982101
1888,7.33133170765686
1889,7.331320037275358
1890,7.331308369833627
1891,7.3312967053277225
1892,7.331285043753722
1893,7.331273385107721
1894,7.331261729385814
1895,7.331250076584142
1896,7.331238426698841
1897,7.3312267797260695
1898,7.33121513566202
1899,7.331203494502865
1900,7.3311918562448355
1901,7.3311802208841526
1902,7.331168588417064
1903,7.331156958839827
1904,7.3311453321487265
1905,7.331133708340055
1906,7.331122087410125
1907,7.331110469355262
1908,7.331098854171811
1909,7.331087241856132
1910,7.331075632404604
1911,7.331064025813611
1912,7.331052422079571
1913,7.331040821198892
1914,7.331029223168032
1915,7.33101762798343
1916,7.331006035641558
1917,7.330994446138905
1918,7.330982859471967
1919,7.3309712756372605
1920,7.3309596946313205
1921,7.33094811645068
1922,7.330936541091912
1923,7.330924968551575
1924,7.330913398826273
1925,7.330901831912599
1926,7.330890267807183
1927,7.330878706506642
1928,7.330867148007631
1929,7.330855592306812
1930,7.330844039400857
1931,7.330832489286451
1932,7.330820941960307
1933,7.330809397419136
1934,7.330797855659663
1935,7.330786316678645
1936,7.330774780472831
1937,7.330763247038986
1938,7.330751716373907
1939,7.330740188474387
1940,7.330728663337236
1941,7.330717140959282
1942,7.330705621337354
1943,7.330694104468315
1944,7.330682590349019
1945,7.33067107897635
1946,7.330659570347187
1947,7.33064806445844
1948,7.330636561307026
1949,7.330625060889863
1950,7.3306135632038965
1951,7.330602068246079
1952,7.33059057601337
1953,7.330579086502751
1954,7.330567599711212
1955,7.330556115635747
1956,7.330544634273377
1957,7.33053315562112
1958,7.3305216796760195
1959,7.330510206435125
1960,7.33049873589549
1961,7.330487268054191
1962,7.330475802908309
1963,7.330464340454944
1964,7.330452880691201
1965,7.330441423614198
1966,7.33042996922106
1967,7.3304185175089405
1968,7.330407068474978
1969,7.3303956221163435
1970,7.330384178430212
1971,7.330372737413766
1972,7.3303612990642
1973,7.330349863378723
1974,7.33033843035456
1975,7.330326999988935
1976,7.330315572279081
1977,7.330304147222255
1978,7.330292724815712
1979,7.330281305056738
1980,7.330269887942602
1981,7.330258473470592
1982,7.330247061638027
1983,7.330235652442203
1984,7.330224245880449
1985,7.330212841950105
1986,7.330201440648503
1987,7.330190041973005
1988,7.33017864592097
1989,7.330167252489765
1990,7.3301558616767855
1991,7.330144473479412
1992,7.330133087895062
1993,7.330121704921132
1994,7.3301103245550525
1995,7.33009894679425
1996,7.330087571636168
1997,7.330076199078261
1998,7.3300648291179735
1999,7.330053461752793
2000,7.330042096980183
2001,7.330030734797638
2002,7.3300193752026575
2003,7.3300080181927365
2004,7.329996663765402
2005,7.32998531191817
2006,7.329973962648573
2007,7.329962615954159
2008,7.329951271832472
2009,7.329939930281072
2010,7.329928591297536
2011,7.329917254879425
2012,7.329905921024341
2013,7.329894589729866
2014,7.329883260993601
2015,7.329871934813169
2016,7.329860611186186
2017,7.32984929011027
2018,7.329837971583066
2019,7.329826655602216
2020,7.329815342165378
2021,7.329804031270203
2022,7.329792722914367
2023,7.329781417095549
2024,7.329770113811434
2025,7.329758813059708
2026,7.329747514838075
2027,7.329736219144249
2028,7.329724925975948
2029,7.3297136353308865
2030,7.329702347206811
2031,7.329691061601453
2032,7.329679778512565
2033,7.3296684979379005
2034,7.329657219875224
2035,7.32964594432231
2036,7.329634671276928
2037,7.3296234007368755
2038,7.329612132699939
2039,7.3296008671639195
2040,7.329589604126628
2041,7.329578343585878
2042,7.3295670855394945
2043,7.329555829985309
2044,7.329544576921151
2045,7.329533326344873
2046,7.329522078254329
2047,7.329510832647369
2048,7.329499589521865
2049,7.329488348875689
2050,7.329477110706713
2051,7.329465875012835
2052,7.329454641791936
2053,7.329443411041935
2054,7.32943218276072
2055,7.329420956946214
2056,7.3294097335963375
2057,7.329398512709017
2058,7.329387294282185
2059,7.329376078313781
2060,7.329364864801759
2061,7.329353653744061
2062,7.329342445138658
2063,7.329331238983511
2064,7.329320035276593
2065,7.3293088340158885
2066,7.329297635199378
2067,7.329286438825051
2068,7.329275244890911
2069,7.329264053394963
2070,7.3292528643352135
2071,7.329241677709686
2072,7.329230493516397
2073,7.329219311753383
2074,7.329208132418668
2075,7.3291969555103
2076,7.329185781026329
2077,7.3291746089648075
2078,7.329163439323791
2079,7.329152272101345
2080,7.329141107295539
2081,7.329129944904459
2082,7.329118784926175
2083,7.329107627358785
2084,7.329096472200382
2085,7.3290853194490575
2086,7.329074169102927
2087,7.329063021160099
2088,7.329051875618686
2089,7.329040732476819
2090,7.329029591732616
2091,7.329018453384218
2092,7.329007317429759
2093,7.328996183867387
2094,7.328985052695249
2095,7.328973923911504
2096,7.328962797514307
2097,7.328951673501832
2098,7.328940551872243
2099,7.328929432623722
2100,7.328918315754445
2101,7.328907201262602
2102,7.328896089146392
2103,7.328884979403998
2104,7.328873872033637
2105,7.328862767033513
2106,7.328851664401828
2107,7.3288405641368115
2108,7.328829466236687
2109,7.328818370699679
2110,7.328807277524018
2111,7.328796186707944
2112,7.3287850982497
2113,7.3287740121475355
2114,7.328762928399698
2115,7.328751847004453
2116,7.328740767960056
2117,7.328729691264776
2118,7.328718616916888
2119,7.328707544914661
2120,7.328696475256384
2121,7.328685407940336
2122,7.328674342964818
2123,7.328663280328115
2124,7.328652220028532
2125,7.3286411620643745
2126,7.328630106433944
2127,7.328619053135562
2128,7.328608002167547
2129,7.328596953528218
2130,7.328585907215899
2131,7.328574863228932
2132,7.328563821565646
2133,7.32855278222438
2134,7.328541745203482
2135,7.328530710501299
2136,7.328519678116188
2137,7.328508648046503
2138,7.32849762029061
2139,7.328486594846872
2140,7.328475571713662
2141,7.328464550889354
2142,7.328453532372325
2143,7.328442516160962
2144,7.328431502253649
2145,7.328420490648774
2146,7.3284094813447425
2147,7.328398474339955
2148,7.3283874696328
2149,7.328376467221697
2150,7.32836546710506
2151,7.3283544692812965
2152,7.328343473748836
2153,7.328332480506094
2154,7.328321489551496
2155,7.3283105008834815
2156,7.328299514500489
2157,7.3282885304009495
2158,7.328277548583309
2159,7.328266569046013
2160,7.328255591787521
2161,7.328244616806277
2162,7.328233644100745
2163,7.328222673669385
2164,7.328211705510666
2165,7.3282007396230595
2166,7.328189776005033
2167,7.328178814655068
2168,7.328167855571645
2169,7.328156898753247
2170,7.328145944198365
2171,7.328134991905486
2172,7.328124041873112
2173,7.328113094099741
2174,7.328102148583866
2175,7.328091205324006
2176,7.3280802643186655
2177,7.328069325566355
2178,7.328058389065594
2179,7.328047454814904
2180,7.328036522812807
2181,7.328025593057828
2182,7.328014665548498
2183,7.328003740283358
2184,7.3279928172609345
2185,7.327981896479775
2186,7.327970977938415
2187,7.3279600616354195
2188,7.327949147569324
2189,7.327938235738687
2190,7.327927326142064
2191,7.327916418778019
2192,7.327905513645109
2193,7.32789461074191
2194,7.327883710066985
2195,7.327872811618909
2196,7.327861915396266
2197,7.3278510213976205
2198,7.327840129621575
2199,7.327829240066702
2200,7.327818352731589
2201,7.327807467614839
2202,7.3277965847150375
2203,7.3277857040307905
2204,7.3277748255607005
2205,7.32776394930336
2206,7.32775307525739
2207,7.327742203421396
2208,7.327731333793989
2209,7.327720466373793
2210,7.3277096011594205
2211,7.327698738149497
2212,7.327687877342648
2213,7.327677018737501
2214,7.327666162332696
2215,7.327655308126853
2216,7.32764445611862
2217,7.327633606306628
2218,7.327622758689532
2219,7.327611913265972
2220,7.327601070034592
2221,7.327590228994049
2222,7.327579390143001
2223,7.327568553480093
2224,7.327557719004
2225,7.327546886713375
2226,7.327536056606884
2227,7.3275252286832
2228,7.3275144029409915
2229,7.327503579378931
2230,7.327492757995693
2231,7.327481938789966
2232,7.327471121760422
2233,7.327460306905748
2234,7.327449494224632
2235,7.327438683715767
2236,7.327427875377841
2237,7.32741706920955
2238,7.327406265209592
2239,7.327395463376668
2240,7.3273846637094815
2241,7.327373866206736
2242,7.32736307086714
2243,7.327352277689405
2244,7.327341486672243
2245,7.32733069781437
2246,7.327319911114502
2247,7.327309126571367
2248,7.327298344183682
2249,7.327287563950169
2250,7.327276785869565
2251,7.327266009940593
2252,7.327255236161995
2253,7.327244464532502
2254,7.327233695050845
2255,7.327222927715765
2256,7.327212162526023
2257,7.327201399480343
2258,7.32719063857748
2259,7.327179879816187
2260,7.327169123195212
2261,7.327158368713312
2262,7.327147616369242
2263,7.327136866161762
2264,7.327126118089632
2265,7.327115372151621
2266,7.32710462834649
2267,7.3270938866730075
2268,7.327083147129948
2269,7.327072409716086
2270,7.327061674430184
2271,7.3270509412710325
2272,7.327040210237409
2273,7.327029481328095
2274,7.327018754541874
2275,7.327008029877525
2276,7.326997307333848
2277,7.326986586909628
2278,7.32697586860366
2279,7.326965152414742
2280,7.326954438341667
2281,7.326943726383229
2282,7.3269330165382405
2283,7.326922308805496
2284,7.326911603183812
2285,7.326900899671991
2286,7.3268901982688375
2287,7.326879498973166
2288,7.326868801783801
2289,7.326858106699547
2290,7.326847413719227
2291,7.326836722841664
2292,7.326826034065674
2293,7.326815347390086
2294,7.3268046628137276
2295,7.326793980335426
2296,7.32678329995401
2297,7.326772621668317
2298,7.326761945477175
2299,7.326751271379426
2300,7.326740599373905
2301,7.326729929459458
2302,7.326719261634928
2303,7.326708595899147
2304,7.326697932250971
2305,7.326687270689256
2306,7.326676611212838
2307,7.326665953820575
2308,7.326655298511324
2309,7.326644645283938
2310,7.326633994137277
2311,7.3266233450702
2312,7.326612698081569
2313,7.326602053170243
2314,7.326591410335099
2315,7.326580769574991
2316,7.3265701308888005
2317,7.326559494275388
2318,7.326548859733638
2319,7.326538227262416
2320,7.326527596860601
2321,7.326516968527073
2322,7.326506342260713
2323,7.3264957180604
2324,7.326485095925017
2325,7.326474475853454
2326,7.326463857844599
2327,7.3264532418973385
2328,7.326442628010565
2329,7.326432016183169
2330,7.326421406414047
2331,7.326410798702098
2332,7.326400193046211
2333,7.326389589445297
2334,7.32637898789825
2335,7.326368388403975
2336,7.32635779096138
2337,7.3263471955693635
2338,7.3263366022268475
2339,7.32632601093273
2340,7.326315421685929
2341,7.326304834485353
2342,7.326294249329921
2343,7.326283666218552
2344,7.326273085150159
2345,7.326262506123663
2346,7.326251929137987
2347,7.32624135419206
2348,7.326230781284797
2349,7.326220210415128
2350,7.3262096415819835
2351,7.326199074784298
2352,7.32618851002099
2353,7.326177947291009
2354,7.326167386593274
2355,7.326156827926729
2356,7.3261462712903125
2357,7.326135716682965
2358,7.326125164103621
2359,7.326114613551233
2360,7.326104065024731
2361,7.326093518523078
2362,7.326082974045209
2363,7.32607243159008
2364,7.326061891156636
2365,7.326051352743827
2366,7.3260408163506145
2367,7.326030281975951
2368,7.326019749618787
2369,7.326009219278092
2370,7.325998690952814
2371,7.3259881646419185
2372,7.325977640344369
2373,7.325967118059129
2374,7.325956597785165
2375,7.325946079521442
2376,7.325935563266932
2377,7.325925049020599
2378,7.3259145367814185
2379,7.325904026548362
2380,7.325893518320405
2381,7.325883012096524
2382,7.325872507875691
2383,7.325862005656897
2384,7.325851505439108
2385,7.325841007221311
2386,7.325830511002491
2387,7.325820016781631
2388,7.325809524557713
2389,7.325799034329732
2390,7.325788546096669
2391,7.3257780598575195
2392,7.325767575611273
2393,7.325757093356919
2394,7.325746613093458
2395,7.325736134819877
2396,7.325725658535183
2397,7.325715184238368
2398,7.325704711928431
2399,7.325694241604379
2400,7.325683773265208
2401,7.325673306909923
2402,7.3256628425375325
2403,7.325652380147043
2404,7.325641919737451
2405,7.325631461307779
2406,7.3256210048570365
2407,7.325610550384229
2408,7.325600097888371
2409,7.325589647368478
2410,7.325579198823566
2411,7.325568752252651
2412,7.325558307654753
2413,7.325547865028892
2414,7.325537424374082
2415,7.325526985689358
2416,7.325516548973729
2417,7.325506114226232
2418,7.325495681445887
2419,7.325485250631718
2420,7.325474821782762
2421,7.32546439489804
2422,7.325453969976591
2423,7.32544354701744
2424,7.325433126019625
2425,7.325422706982185
2426,7.325412289904148
2427,7.325401874784554
2428,7.3253914616224405
2429,7.325381050416852
2430,7.325370641166822
2431,7.3253602338714
2432,7.325349828529626
2433,7.325339425140549
2434,7.3253290237032065
2435,7.325318624216648
2436,7.325308226679929
2437,7.325297831092089
2438,7.325287437452189
2439,7.325277045759268
2440,7.325266656012392
2441,7.325256268210608
2442,7.325245882352973
2443,7.325235498438541
2444,7.3252251164663775
2445,7.325214736435534
2446,7.325204358345071
2447,7.325193982194058
2448,7.325183607981542
2449,7.325173235706601
2450,7.325162865368294
2451,7.325152496965686
2452,7.325142130497848
2453,7.3251317659638415
2454,7.325121403362745
2455,7.32511104269362
2456,7.325100683955544
2457,7.325090327147582
2458,7.3250799722688225
2459,7.325069619318324
2460,7.325059268295171
2461,7.3250489191984425
2462,7.325038572027216
2463,7.3250282267805655
2464,7.3250178834575745
2465,7.325007542057327
2466,7.324997202578902
2467,7.324986865021387
2468,7.324976529383858
2469,7.324966195665415
2470,7.324955863865139
2471,7.324945533982113
2472,7.324935206015431
2473,7.3249248799641835
2474,7.32491455582746
2475,7.3249042336043555
2476,7.324893913293963
2477,7.324883594895374
2478,7.3248732784076855
2479,7.324862963829995
2480,7.324852651161401
2481,7.324842340401
2482,7.3248320315478965
2483,7.324821724601191
2484,7.324811419559975
2485,7.32480111642336
2486,7.324790815190452
2487,7.324780515860353
2488,7.324770218432168
2489,7.324759922905009
2490,7.324749629277979
2491,7.324739337550186
2492,7.324729047720744
2493,7.3247187597887615
2494,7.32470847375336
2495,7.324698189613635
2496,7.324687907368718
2497,7.3246776270177145
2498,7.324667348559745
2499,7.324657071993918
2500,7.324646797319362
2501,7.3246365245351965
2502,7.324626253640536
2503,7.324615984634505
2504,7.324605717516222
2505,7.324595452284813
2506,7.3245851889394045
2507,7.324574927479117
2508,7.324564667903077
2509,7.324554410210413
2510,7.324544154400257
2511,7.324533900471731
2512,7.324523648423969
2513,7.324513398256103
2514,7.324503149967263
2515,7.324492903556577
2516,7.324482659023188
2517,7.324472416366227
2518,7.324462175584827
2519,7.324451936678129
2520,7.324441699645266
2521,7.324431464485383
2522,7.324421231197613
2523,7.3244109997811
2524,7.324400770234984
2525,7.324390542558406
2526,7.3243803167505135
2527,7.3243700928104465
2528,7.324359870737349
2529,7.324349650530376
2530,7.324339432188667
2531,7.324329215711371
2532,7.324319001097634
2533,7.32430878834661
2534,7.32429857745745
2535,7.324288368429298
2536,7.324278161261314
2537,7.324267955952654
2538,7.324257752502464
2539,7.324247550909905
2540,7.324237351174131
2541,7.324227153294294
2542,7.3242169572695595
2543,7.324206763099085
2544,7.324196570782028
2545,7.324186380317548
2546,7.324176191704808
2547,7.324166004942968
2548,7.324155820031198
2549,7.324145636968653
2550,7.324135455754504
2551,7.3241252763879165
2552,7.324115098868052
2553,7.32410492319408
2554,7.324094749365176
2555,7.324084577380502
2556,7.324074407239227
2557,7.324064238940525
2558,7.324054072483569
2559,7.324043907867529
2560,7.324033745091583
2561,7.324023584154902
2562,7.32401342505666
2563,7.32400326779603
2564,7.323993112372198
2565,7.323982958784337
2566,7.323972807031625
2567,7.323962657113247
2568,7.3239525090283735
2569,7.323942362776192
2570,7.323932218355882
2571,7.323922075766632
2572,7.323911935007618
2573,7.32390179607803
2574,7.3238916589770495
2575,7.32388152370387
2576,7.323871390257667
2577,7.323861258637637
2578,7.32385112884296
2579,7.323841000872835
2580,7.323830874726449
2581,7.323820750402994
2582,7.32381062790166
2583,7.323800507221639
2584,7.323790388362127
2585,7.3237802713223195
2586,7.323770156101403
2587,7.323760042698583
2588,7.323749931113057
2589,7.3237398213440095
2590,7.323729713390654
2591,7.3237196072521815
2592,7.323709502927795
2593,7.323699400416692
2594,7.32368929971808
2595,7.323679200831153
2596,7.3236691037551225
2597,7.323659008489187
2598,7.323648915032551
2599,7.323638823384423
2600,7.3236287335440045
2601,7.32361864551051
2602,7.323608559283142
2603,7.323598474861111
2604,7.3235883922436225
2605,7.323578311429889
2606,7.323568232419127
2607,7.323558155210542
2608,7.323548079803343
2609,7.323538006196755
2610,7.32352793438998
2611,7.3235178643822385
2612,7.3235077961727475
2613,7.323497729760718
2614,7.323487665145368
2615,7.323477602325922
2616,7.323467541301593
2617,7.323457482071602
2618,7.323447424635163
2619,7.323437368991506
2620,7.323427315139845
2621,7.323417263079407
2622,7.323407212809417
2623,7.3233971643290925
2624,7.323387117637661
2625,7.323377072734347
2626,7.32336702961838
2627,7.323356988288982
2628,7.323346948745382
2629,7.323336910986809
2630,7.323326875012494
2631,7.323316840821665
2632,7.323306808413551
2633,7.323296777787382
2634,7.323286748942392
2635,7.323276721877816
2636,7.323266696592885
2637,7.323256673086832
2638,7.3232466513588905
2639,7.323236631408304
2640,7.323226613234299
2641,7.323216596836117
2642,7.323206582212996
2643,7.323196569364174
2644,7.3231865582888895
2645,7.323176548986381
2646,7.323166541455891
2647,7.323156535696665
2648,7.323146531707938
2649,7.323136529488948
2650,7.3231265290389524
2651,7.323116530357187
2652,7.323106533442898
2653,7.323096538295328
2654,7.323086544913723
2655,7.323076553297342
2656,7.323066563445421
2657,7.323056575357209
2658,7.323046589031953
2659,7.32303660446891
2660,7.323026621667327
2661,7.323016640626453
2662,7.323006661345542
2663,7.322996683823844
2664,7.322986708060617
2665,7.322976734055112
2666,7.322966761806581
2667,7.322956791314282
2668,7.322946822577471
2669,7.322936855595408
2670,7.322926890367341
2671,7.322916926892533
2672,7.322906965170246
2673,7.322897005199731
2674,7.322887046980255
2675,7.32287709051108
2676,7.322867135791459
2677,7.322857182820663
2678,7.322847231597946
2679,7.3228372821225785
2680,7.32282733439382
2681,7.322817388410941
2682,7.3228074441732005
2683,7.322797501679863
2684,7.322787560930201
2685,7.322777621923478
2686,7.322767684658968
2687,7.32275774913593
2688,7.322747815353642
2689,7.322737883311371
2690,7.322727953008385
2691,7.322718024443955
2692,7.322708097617358
2693,7.322698172527862
2694,7.322688249174744
2695,7.322678327557279
2696,7.322668407674731
2697,7.322658489526385
2698,7.322648573111516
2699,7.322638658429398
2700,7.322628745479306
2701,7.322618834260524
2702,7.322608924772325
2703,7.322599017013992
2704,7.322589110984802
2705,7.322579206684033
2706,7.322569304110972
2707,7.322559403264895
2708,7.322549504145087
2709,7.322539606750832
2710,7.322529711081415
2711,7.3225198171361106
2712,7.3225099249142165
2713,7.322500034415008
2714,7.322490145637775
2715,7.322480258581804
2716,7.322470373246384
2717,7.3224604896308
2718,7.322450607734341
2719,7.322440727556297
2720,7.3224308490959595
2721,7.322420972352618
2722,7.322411097325559
2723,7.322401224014084
2724,7.3223913524174735
2725,7.322381482535024
2726,7.322371614366035
2727,7.322361747909794
2728,7.322351883165603
2729,7.322342020132749
2730,7.322332158810533
2731,7.322322299198249
2732,7.322312441295195
2733,7.32230258510067
2734,7.322292730613974
2735,7.322282877834403
2736,7.3222730267612475
2737,7.322263177393832
2738,7.322253329731434
2739,7.3222434837733665
2740,7.322233639518928
2741,7.322223796967422
2742,7.322213956118156
2743,7.322204116970429
2744,7.322194279523542
2745,7.322184443776802
2746,7.322174609729521
2747,7.322164777381004
2748,7.322154946730552
2749,7.322145117777473
2750,7.3221352905210795
2751,7.322125464960678
2752,7.322115641095578
2753,7.322105818925089
2754,7.322095998448518
2755,7.322086179665183
2756,7.322076362574393
2757,7.322066547175458
2758,7.322056733467694
2759,7.322046921450411
2760,7.322037111122922
2761,7.322027302484545
2762,7.322017495534595
2763,7.32200769027239
2764,7.321997886697238
2765,7.321988084808463
2766,7.321978284605377
2767,7.321968486087303
2768,7.321958689253561
2769,7.3219488941034605
2770,7.321939100636335
2771,7.321929308851494
2772,7.321919518748263
2773,7.321909730325962
2774,7.321899943583912
2775,7.321890158521441
2776,7.32188037513786
2777,7.321870593432511
2778,7.321860813404703
2779,7.3218510350537676
2780,7.321841258379027
2781,7.321831483379813
2782,7.321821710055442
2783,7.321811938405253
2784,7.321802168428569
2785,7.3217924001247106
2786,7.3217826334930205
2787,7.32177286853282
2788,7.321763105243437
2789,7.321753343624208
2790,7.32174358367446
2791,7.321733825393528
2792,7.321724068780739
2793,7.321714313835428
2794,7.321704560556934
2795,7.321694808944582
2796,7.3216850589977165
2797,7.321675310715665
2798,7.32166556409776
2799,7.321655819143347
2800,7.321646075851753
2801,7.321636334222323
2802,7.321626594254391
2803,7.321616855947296
2804,7.321607119300381
2805,7.321597384312981
2806,7.321587650984427
2807,7.3215779193140795
2808,7.321568189301266
2809,7.321558460945331
2810,7.321548734245614
2811,7.321539009201461
2812,7.3215292858122165
2813,7.32151956407722
2814,7.3215098439958215
2815,7.321500125567359
2816,7.321490408791181
2817,7.3214806936666355
2818,7.321470980193067
2819,7.321461268369822
2820,7.321451558196249
2821,7.321441849671693
2822,7.32143214279551
2823,7.321422437567042
2824,7.32141273398564
2825,7.321403032050658
2826,7.321393331761437
2827,7.321383633117341
2828,7.321373936117717
2829,7.321364240761914
2830,7.321354547049285
2831,7.321344854979187
2832,7.321335164550975
2833,7.321325475763996
2834,7.321315788617611
2835,7.321306103111177
2836,7.321296419244046
2837,7.321286737015578
2838,7.321277056425123
2839,7.321267377472046
2840,7.3212577001557015
2841,7.321248024475452
2842,7.321238350430649
2843,7.321228678020655
2844,7.321219007244837
2845,7.321209338102549
2846,7.32119967059315
2847,7.321190004716015
2848,7.321180340470493
2849,7.321170677855947
2850,7.321161016871743
2851,7.321151357517247
2852,7.321141699791825
2853,7.321132043694842
2854,7.3211223892256525
2855,7.321112736383632
2856,7.321103085168144
2857,7.321093435578559
2858,7.321083787614241
2859,7.321074141274556
2860,7.321064496558875
2861,7.321054853466569
2862,7.321045211997
2863,7.32103557214955
2864,7.321025933923574
2865,7.321016297318458
2866,7.321006662333567
2867,7.320997028968264
2868,7.3209873972219395
2869,7.3209777670939555
2870,7.3209681385836785
2871,7.3209585116905
2872,7.320948886413776
2873,7.320939262752899
2874,7.320929640707232
2875,7.320920020276156
2876,7.320910401459043
2877,7.320900784255281
2878,7.320891168664234
2879,7.320881554685287
2880,7.320871942317815
2881,7.320862331561196
2882,7.320852722414822
2883,7.3208431148780555
2884,7.320833508950287
2885,7.320823904630894
2886,7.320814301919256
2887,7.320804700814761
2888,7.3207951013167865
2889,7.320785503424721
2890,7.320775907137935
2891,7.3207663124558255
2892,7.320756719377773
2893,7.320747127903158
2894,7.320737538031372
2895,7.3207279497618005
2896,7.320718363093824
2897,7.320708778026829
2898,7.320699194560212
2899,7.32068961269335
2900,7.320680032425636
2901,7.320670453756462
2902,7.320660876685211
2903,7.320651301211276
2904,7.320641727334047
2905,7.320632155052913
2906,7.320622584367265
2907,7.320613015276497
2908,7.320603447780001
2909,7.320593881877164
2910,7.320584317567386
2911,7.320574754850059
2912,7.320565193724571
2913,7.320555634190322
2914,7.320546076246708
2915,7.320536519893119
2916,7.320526965128954
2917,7.320517411953608
2918,7.320507860366487
2919,7.3204983103669665
2920,7.320488761954464
2921,7.320479215128374
2922,7.320469669888088
2923,7.320460126233011
2924,7.320450584162543
2925,7.320441043676081
2926,7.320431504773025
2927,7.320421967452777
2928,7.320412431714745
2929,7.320402897558318
2930,7.32039336498291
2931,7.320383833987916
2932,7.320374304572743
2933,7.3203647767367945
2934,7.320355250479476
2935,7.32034572580019
2936,7.320336202698339
2937,7.320326681173338
2938,7.320317161224579
2939,7.320307642851482
2940,7.320298126053446
2941,7.320288610829883
2942,7.3202790971802
2943,7.320269585103802
2944,7.320260074600099
2945,7.320250565668501
2946,7.320241058308421
2947,7.320231552519265
2948,7.320222048300444
2949,7.320212545651372
2950,7.3202030445714525
2951,7.320193545060108
2952,7.320184047116747
2953,7.320174550740782
2954,7.320165055931624
2955,7.320155562688693
2956,7.3201460710113935
2957,7.320136580899151
2958,7.320127092351368
2959,7.320117605367479
2960,7.320108119946879
2961,7.320098636089002
2962,7.320089153793253
2963,7.320079673059054
2964,7.3200701938858215
2965,7.32006071627298
2966,7.320051240219936
2967,7.32004176572612
2968,7.320032292790947
2969,7.320022821413838
2970,7.320013351594208
2971,7.3200038833314895
2972,7.319994416625097
2973,7.319984951474451
2974,7.319975487878976
2975,7.319966025838094
2976,7.319956565351228
2977,7.3199471064178026
2978,7.319937649037242
2979,7.319928193208967
2980,7.31991873893241
2981,7.3199092862069906
2982,7.319899835032134
2983,7.319890385407269
2984,7.31988093733182
2985,7.3198714908052205
2986,7.319862045826889
2987,7.319852602396256
2988,7.319843160512755
2989,7.319833720175813
2990,7.319824281384854
2991,7.319814844139314
2992,7.31980540843862
2993,7.319795974282206
2994,7.319786541669495
2995,7.319777110599926
2996,7.319767681072929
2997,7.3197582530879375
2998,7.319748826644379
2999,7.319739401741695
3000,7.319729978379306
3001,7.319720556556663
3002,7.319711136273186
3003,7.31970171752832
3004,7.319692300321494
3005,7.319682884652146
3006,7.31967347051971
3007,7.319664057923626
3008,7.319654646863332
3009,7.31964523733826
3010,7.319635829347852
3011,7.31962642289154
3012,7.319617017968774
3013,7.319607614578982
3014,7.319598212721613
3015,7.319588812396101
3016,7.319579413601885
3017,7.31957001633841
3018,7.319560620605118
3019,7.319551226401443
3020,7.319541833726838
3021,7.3195324425807335
3022,7.3195230529625865
3023,7.319513664871826
3024,7.319504278307906
3025,7.319494893270264
3026,7.319485509758349
3027,7.319476127771605
3028,7.319466747309479
3029,7.3194573683714115
3030,7.319447990956853
3031,7.319438615065246
3032,7.319429240696042
3033,7.319419867848691
3034,7.319410496522633
3035,7.319401126717318
3036,7.319391758432201
3037,7.319382391666725
3038,7.319373026420343
3039,7.319363662692501
3040,7.3193543004826545
3041,7.319344939790251
3042,7.319335580614743
3043,7.319326222955578
3044,7.31931686681221
3045,7.319307512184097
3046,7.319298159070685
3047,7.31928880747143
3048,7.319279457385787
3049,7.319270108813206
3050,7.319260761753143
3051,7.319251416205056
3052,7.319242072168395
3053,7.319232729642614
3054,7.319223388627182
3055,7.319214049121541
3056,7.319204711125157
3057,7.319195374637481
3058,7.319186039657973
3059,7.319176706186091
3060,7.3191673742213
3061,7.3191580437630455
3062,7.319148714810798
3063,7.319139387364012
3064,7.319130061422148
3065,7.31912073698467
3066,7.31911141405103
3067,7.319102092620695
3068,7.319092772693135
3069,7.319083454267796
3070,7.319074137344148
3071,7.31906482192166
3072,7.319055507999785
3073,7.31904619557799
3074,7.31903688465574
3075,7.3190275752325
3076,7.319018267307734
3077,7.319008960880908
3078,7.318999655951486
3079,7.318990352518934
3080,7.318981050582719
3081,7.3189717501423095
3082,7.3189624511971685
3083,7.318953153746769
3084,7.318943857790577
3085,7.318934563328054
3086,7.318925270358681
3087,7.3189159788819165
3088,7.318906688897232
3089,7.318897400404103
3090,7.318888113401995
3091,7.318878827890381
3092,7.31886954386873
3093,7.31886026133651
3094,7.318850980293206
3095,7.3188417007382744
3096,7.318832422671195
3097,7.318823146091444
3098,7.318813870998487
3099,7.318804597391806
3100,7.31879532527087
3101,7.3187860546351535
3102,7.31877678548413
3103,7.318767517817282
3104,7.318758251634081
3105,7.318748986933995
3106,7.318739723716516
3107,7.318730461981108
3108,7.318721201727252
3109,7.318711942954432
3110,7.318702685662115
3111,7.318693429849787
3112,7.318684175516922
3113,7.318674922663003
3114,7.318665671287506
3115,7.318656421389917
3116,7.318647172969708
3117,7.318637926026364
3118,7.318628680559367
3119,7.318619436568194
3120,7.318610194052333
3121,7.318600953011258
3122,7.31859171344446
3123,7.318582475351416
3124,7.318573238731609
3125,7.318564003584532
3126,7.318554769909658
3127,7.318545537706472
3128,7.318536306974467
3129,7.318527077713112
3130,7.318517849921914
3131,7.318508623600342
3132,7.318499398747893
3133,7.318490175364047
3134,7.318480953448291
3135,7.318471733000115
3136,7.318462514019005
3137,7.318453296504452
3138,7.318444080455943
3139,7.3184348658729625
3140,7.318425652755004
3141,7.31841644110156
3142,7.318407230912112
3143,7.318398022186154
3144,7.318388814923181
3145,7.31837960912268
3146,7.318370404784143
3147,7.318361201907058
3148,7.318352000490923
3149,7.318342800535227
3150,7.318333602039465
3151,7.3183244050031275
3152,7.3183152094257125
3153,7.318306015306705
3154,7.318296822645611
3155,7.318287631441916
3156,7.3182784416951225
3157,7.318269253404718
3158,7.318260066570205
3159,7.31825088119107
3160,7.318241697266822
3161,7.318232514796952
3162,7.318223333780957
3163,7.31821415421833
3164,7.318204976108575
3165,7.318195799451187
3166,7.31818662424567
3167,7.318177450491521
3168,7.318168278188232
3169,7.318159107335312
3170,7.318149937932251
3171,7.318140769978557
3172,7.318131603473736
3173,7.318122438417275
3174,7.318113274808689
3175,7.318104112647467
3176,7.318094951933122
3177,7.31808579266515
3178,7.318076634843056
3179,7.318067478466345
3180,7.318058323534519
3181,7.318049170047082
3182,7.318040018003537
3183,7.3180308674033885
3184,7.3180217182461424
3185,7.318012570531308
3186,7.318003424258385
3187,7.317994279426879
3188,7.317985136036305
3189,7.317975994086158
3190,7.317966853575954
3191,7.317957714505197
3192,7.3179485768733965
3193,7.317939440680055
3194,7.317930305924688
3195,7.317921172606804
3196,7.317912040725906
3197,7.317902910281511
3198,7.317893781273124
3199,7.317884653700257
3200,7.317875527562415
3201,7.317866402859122
3202,7.317857279589876
3203,7.317848157754194
3204,7.317839037351583
3205,7.317829918381569
3206,7.317820800843651
3207,7.317811684737349
3208,7.317802570062171
3209,7.317793456817636
3210,7.317784345003256
3211,7.31777523461854
3212,7.317766125663013
3213,7.317757018136186
3214,7.317747912037565
3215,7.317738807366685
3216,7.317729704123043
3217,7.317720602306165
3218,7.317711501915565
3219,7.317702402950768
3220,7.317693305411276
3221,7.317684209296616
3222,7.317675114606308
3223,7.317666021339868
3224,7.317656929496812
3225,7.317647839076669
3226,7.317638750078943
3227,7.317629662503162
3228,7.317620576348849
3229,7.317611491615522
3230,7.317602408302701
3231,7.317593326409903
3232,7.317584245936665
3233,7.317575166882486
3234,7.317566089246908
3235,7.317557013029443
3236,7.317547938229616
3237,7.317538864846947
3238,7.317529792880963
3239,7.317520722331189
3240,7.317511653197148
3241,7.3175025854783655
3242,7.317493519174363
3243,7.317484454284669
3244,7.317475390808804
3245,7.317466328746302
3246,7.317457268096683
3247,7.317448208859473
3248,7.317439151034202
3249,7.317430094620396
3250,7.317421039617587
3251,7.317411986025289
3252,7.317402933843045
3253,7.317393883070375
3254,7.31738483370681
3255,7.317375785751879
3256,7.317366739205114
3257,7.317357694066043
3258,7.317348650334195
3259,7.3173396080091
3260,7.317330567090288
3261,7.317321527577295
3262,7.317312489469649
3263,7.31730345276688
3264,7.317294417468527
3265,7.317285383574109
3266,7.317276351083169
3267,7.317267319995241
3268,7.317258290309853
3269,7.317249262026545
3270,7.3172402351448405
3271,7.317231209664283
3272,7.317222185584407
3273,7.317213162904742
3274,7.317204141624827
3275,7.317195121744194
3276,7.317186103262383
3277,7.317177086178927
3278,7.317168070493365
3279,7.317159056205235
3280,7.317150043314072
3281,7.317141031819409
3282,7.317132021720793
3283,7.3171230130177545
3284,7.317114005709837
3285,7.317104999796579
3286,7.317095995277515
3287,7.31708699215219
3288,7.317077990420136
3289,7.317068990080901
3290,7.317059991134025
3291,7.317050993579045
3292,7.317041997415501
3293,7.317033002642935
3294,7.317024009260891
3295,7.317015017268911
3296,7.317006026666539
3297,7.316997037453311
3298,7.316988049628775
3299,7.316979063192472
3300,7.316970078143948
3301,7.316961094482745
3302,7.316952112208406
3303,7.316943131320474
3304,7.316934151818498
3305,7.316925173702028
3306,7.316916196970596
3307,7.316907221623757
3308,7.316898247661055
3309,7.316889275082035
3310,7.316880303886244
3311,7.316871334073231
3312,7.316862365642542
3313,7.316853398593721
3314,7.316844432926324
3315,7.31683546863989
3316,7.316826505733974
3317,7.316817544208121
3318,7.316808584061883
3319,7.316799625294805
3320,7.316790667906447
3321,7.316781711896345
3322,7.3167727572640615
3323,7.316763804009139
3324,7.316754852131133
3325,7.316745901629589
3326,7.316736952504065
3327,7.316728004754113
3328,7.316719058379278
3329,7.316710113379119
3330,7.316701169753186
3331,7.316692227501032
3332,7.316683286622217
3333,7.316674347116283
3334,7.316665408982793
3335,7.316656472221296
3336,7.316647536831349
3337,7.316638602812508
3338,7.316629670164327
3339,7.316620738886362
3340,7.316611808978165
3341,7.3166028804393015
3342,7.316593953269316
3343,7.316585027467771
3344,7.316576103034225
3345,7.316567179968236
3346,7.316558258269355
3347,7.316549337937143
3348,7.316540418971164
3349,7.316531501370971
3350,7.316522585136125
3351,7.316513670266183
3352,7.316504756760704
3353,7.31649584461925
3354,7.31648693384138
3355,7.316478024426653
3356,7.316469116374632
3357,7.316460209684878
3358,7.3164513043569475
3359,7.316442400390409
3360,7.316433497784815
3361,7.31642459653974
3362,7.316415696654738
3363,7.316406798129369
3364,7.316397900963205
3365,7.3163890051558
3366,7.316380110706726
3367,7.316371217615539
3368,7.3163623258818085
3369,7.316353435505101
3370,7.316344546484975
3371,7.316335658820994
3372,7.316326772512735
3373,7.316317887559751
3374,7.316309003961613
3375,7.316300121717893
3376,7.316291240828143
3377,7.316282361291943
3378,7.316273483108852
3379,7.316264606278447
3380,7.3162557308002825
3381,7.3162468566739385
3382,7.316237983898973
3383,7.316229112474963
3384,7.316220242401474
3385,7.316211373678071
3386,7.3162025063043306
3387,7.316193640279819
3388,7.316184775604103
3389,7.3161759122767585
3390,7.316167050297359
3391,7.3161581896654635
3392,7.316149330380652
3393,7.3161404724424886
3394,7.3161316158505505
3395,7.316122760604412
3396,7.316113906703642
3397,7.316105054147813
3398,7.316096202936496
3399,7.316087353069271
3400,7.316078504545701
3401,7.316069657365366
3402,7.31606081152784
3403,7.316051967032703
3404,7.3160431238795125
3405,7.316034282067862
3406,7.3160254415973105
3407,7.316016602467446
3408,7.3160077646778365
3409,7.315998928228064
3410,7.315990093117697
3411,7.31598125934632
3412,7.315972426913506
3413,7.315963595818832
3414,7.315954766061873
3415,7.315945937642211
3416,7.315937110559419
3417,7.315928284813084
3418,7.315919460402775
3419,7.315910637328076
3420,7.315901815588565
3421,7.315892995183822
3422,7.315884176113422
3423,7.315875358376951
3424,7.315866541973984
3425,7.3158577269041025
3426,7.315848913166891
3427,7.315840100761929
3428,7.315831289688798
3429,7.315822479947074
3430,7.315813671536344
3431,7.315804864456189
3432,7.315796058706192
3433,7.315787254285936
3434,7.315778451195001
3435,7.315769649432969
3436,7.315760848999437
3437,7.315752049893968
3438,7.3157432521161585
3439,7.315734455665596
3440,7.315725660541855
3441,7.315716866744525
3442,7.315708074273192
3443,7.315699283127441
3444,7.3156904933068585
3445,7.315681704811026
3446,7.315672917639534
3447,7.315664131791967
3448,7.315655347267914
3449,7.315646564066955
3450,7.31563778218869
3451,7.315629001632699
3452,7.315620222398564
3453,7.315611444485882
3454,7.315602667894241
3455,7.315593892623216
3456,7.3155851186724234
3457,7.315576346041429
3458,7.315567574729828
3459,7.315558804737212
3460,7.315550036063171
3461,7.315541268707294
3462,7.315532502669175
3463,7.315523737948401
3464,7.315514974544562
3465,7.315506212457252
3466,7.3154974516860625
3467,7.315488692230582
3468,7.315479934090409
3469,7.31547117726513
3470,7.315462421754344
3471,7.315453667557635
3472,7.315444914674602
3473,7.31543616310484
3474,7.315427412847942
3475,7.315418663903494
3476,7.315409916271102
3477,7.315401169950352
3478,7.315392424940842
3479,7.31538368124217
3480,7.315374938853923
3481,7.315366197775702
3482,7.315357458007108
3483,7.315348719547731
3484,7.31533998239716
3485,7.3153312465550115
3486,7.315322512020861
3487,7.315313778794321
3488,7.3153050468749825
3489,7.315296316262441
3490,7.315287586956301
3491,7.3152788589561535
3492,7.315270132261604
3493,7.315261406872242
3494,7.315252682787678
3495,7.3152439600075025
3496,7.315235238531318
3497,7.315226518358725
3498,7.315217799489321
3499,7.315209081922711
3500,7.31520036565849
3501,7.315191650696263
3502,7.31518293703563
3503,7.315174224676191
3504,7.315165513617544
3505,7.315156803859299
3506,7.315148095401057
3507,7.315139388242413
3508,7.315130682382975
3509,7.315121977822347
3510,7.31511327456013
3511,7.315104572595927
3512,7.315095871929341
3513,7.31508717255998
3514,7.31507847448744
3515,7.315069777711334
3516,7.315061082231266
3517,7.315052388046839
3518,7.31504369515765
3519,7.315035003563315
3520,7.3150263132634405
3521,7.315017624257622
3522,7.3150089365454765
3523,7.315000250126604
3524,7.314991565000616
3525,7.314982881167115
3526,7.314974198625711
3527,7.314965517376008
3528,7.314956837417619
3529,7.314948158750146
3530,7.314939481373202
3531,7.314930805286393
3532,7.314922130489329
3533,7.314913456981617
3534,7.314904784762867
3535,7.31489611383269
3536,7.3148874441907
3537,7.314878775836495
3538,7.3148701087696955
3539,7.314861442989907
3540,7.314852778496743
3541,7.31484411528981
3542,7.314835453368726
3543,7.314826792733097
3544,7.314818133382536
3545,7.314809475316656
3546,7.31480081853507
3547,7.314792163037388
3548,7.314783508823223
3549,7.314774855892189
3550,7.314766204243897
3551,7.314757553877973
3552,7.31474890479401
3553,7.314740256991634
3554,7.314731610470455
3555,7.314722965230095
3556,7.314714321270162
3557,7.31470567859027
3558,7.314697037190043
3559,7.314688397069084
3560,7.314679758227017
3561,7.314671120663452
3562,7.3146624843780135
3563,7.314653849370312
3564,7.314645215639959
3565,7.314636583186585
3566,7.314627952009797
3567,7.314619322109218
3568,7.314610693484461
3569,7.314602066135145
3570,7.314593440060888
3571,7.31458481526131
3572,7.314576191736033
3573,7.314567569484667
3574,7.314558948506836
3575,7.31455032880216
3576,7.314541710370255
3577,7.314533093210745
3578,7.314524477323248
3579,7.314515862707387
3580,7.314507249362776
3581,7.314498637289041
3582,7.3144900264858075
3583,7.314481416952685
3584,7.314472808689306
3585,7.314464201695283
3586,7.314455595970246
3587,7.314446991513809
3588,7.314438388325599
3589,7.314429786405246
3590,7.31442118575236
3591,7.31441258636657
3592,7.3144039882475
3593,7.3143953913947755
3594,7.314386795808015
3595,7.314378201486844
3596,7.31436960843089
3597,7.314361016639777
3598,7.314352426113126
3599,7.314343836850563
3600,7.314335248851722
3601,7.314326662116219
3602,7.314318076643677
3603,7.314309492433729
3604,7.314300909486002
3605,7.314292327800121
3606,7.3142837473757085
3607,7.314275168212395
3608,7.314266590309811
3609,7.314258013667574
3610,7.314249438285324
3611,7.314240864162677
3612,7.314232291299272
3613,7.31422371969473
3614,7.3142151493486836
3615,7.314206580260758
3616,7.314198012430586
3617,7.314189445857789
3618,7.31418088054201
3619,7.314172316482864
3620,7.314163753679993
3621,7.314155192133023
3622,7.3141466318415835
3623,7.314138072805305
3624,7.3141295150238195
3625,7.314120958496754
3626,7.314112403223744
3627,7.314103849204428
3628,7.3140952964384205
3629,7.314086744925365
3630,7.3140781946649005
3631,7.314069645656644
3632,7.314061097900239
3633,7.314052551395313
3634,7.3140440061415
3635,7.314035462138438
3636,7.3140269193857534
3637,7.314018377883087
3638,7.314009837630067
3639,7.3140012986263345
3640,7.313992760871518
3641,7.313984224365255
3642,7.313975689107179
3643,7.313967155096931
3644,7.313958622334136
3645,7.313950090818438
3646,7.313941560549468
3647,7.31393303152687
3648,7.313924503750268
3649,7.313915977219315
3650,7.313907451933633
3651,7.313898927892868
3652,7.3138904050966485
3653,7.313881883544619
3654,7.313873363236417
3655,7.313864844171677
3656,7.313856326350043
3657,7.313847809771145
3658,7.313839294434632
3659,7.313830780340134
3660,7.313822267487295
3661,7.313813755875751
3662,7.313805245505145
3663,7.313796736375115
3664,7.313788228485297
3665,7.313779721835338
3666,7.3137712164248825
3667,7.313762712253553
3668,7.313754209321009
3669,7.3137457076268815
3670,7.313737207170814
3671,7.313728707952451
3672,7.313720209971433
3673,7.313711713227398
3674,7.313703217719992
3675,7.313694723448855
3676,7.3136862304136345
3677,7.313677738613963
3678,7.313669248049502
3679,7.313660758719875
3680,7.313652270624739
3681,7.313643783763731
3682,7.313635298136501
3683,7.313626813742681
3684,7.313618330581929
3685,7.313609848653878
3686,7.313601367958188
3687,7.313592888494489
3688,7.313584410262433
3689,7.313575933261665
3690,7.313567457491833
3691,7.313558982952575
3692,7.313550509643545
3693,7.31354203756439
3694,7.31353356671475
3695,7.313525097094277
3696,7.313516628702611
3697,7.313508161539413
3698,7.3134996956043175
3699,7.313491230896978
3700,7.313482767417042
3701,7.313474305164155
3702,7.313465844137969
3703,7.313457384338131
3704,7.313448925764287
3705,7.313440468416088
3706,7.313432012293182
3707,7.313423557395222
3708,7.313415103721858
3709,7.313406651272735
3710,7.313398200047508
3711,7.313389750045819
3712,7.31338130126733
3713,7.313372853711683
3714,7.313364407378531
3715,7.313355962267529
3716,7.313347518378321
3717,7.313339075710565
3718,7.313330634263908
3719,7.31332219403801
3720,7.313313755032511
3721,7.313305317247076
3722,7.313296880681344
3723,7.313288445334982
3724,7.3132800112076355
3725,7.313271578298956
3726,7.3132631466086
3727,7.3132547161362185
3728,7.313246286881473
3729,7.313237858844008
3730,7.313229432023484
3731,7.313221006419553
3732,7.313212582031868
3733,7.313204158860092
3734,7.3131957369038645
3735,7.313187316162857
3736,7.313178896636715
3737,7.3131704783251035
3738,7.313162061227667
3739,7.313153645344071
3740,7.313145230673966
3741,7.313136817217012
3742,7.313128404972866
3743,7.313119993941179
3744,7.313111584121616
3745,7.313103175513832
3746,7.313094768117485
3747,7.313086361932225
3748,7.313077956957722
3749,7.313069553193626
3750,7.313061150639598
3751,7.313052749295301
3752,7.313044349160388
3753,7.313035950234519
3754,7.313027552517357
3755,7.313019156008559
3756,7.31301076070778
3757,7.313002366614687
3758,7.31299397372894
3759,7.312985582050191
3760,7.312977191578107
3761,7.312968802312355
3762,7.312960414252583
3763,7.312952027398455
3764,7.312943641749642
3765,7.312935257305797
3766,7.31292687406658
3767,7.312918492031656
3768,7.312910111200695
3769,7.312901731573347
3770,7.312893353149283
3771,7.312884975928158
3772,7.31287659990964
3773,7.312868225093389
3774,7.312859851479074
3775,7.312851479066355
3776,7.312843107854897
3777,7.312834737844361
3778,7.312826369034415
3779,7.312818001424722
3780,7.312809635014942
3781,7.312801269804749
3782,7.312792905793797
3783,7.312784542981759
3784,7.312776181368302
3785,7.312767820953082
3786,7.312759461735775
3787,7.3127511037160415
3788,7.3127427468935515
3789,7.312734391267964
3790,7.312726036838954
3791,7.3127176836061825
3792,7.312709331569316
3793,7.312700980728027
3794,7.312692631081979
3795,7.312684282630841
3796,7.31267593537428
3797,7.312667589311961
3798,7.312659244443563
3799,7.312650900768741
3800,7.312642558287172
3801,7.312634216998522
3802,7.312625876902454
3803,7.312617537998651
3804,7.31260920028677
3805,7.312600863766489
3806,7.312592528437468
3807,7.312584194299387
3808,7.312575861351907
3809,7.312567529594709
3810,7.31255919902746
3811,7.312550869649821
3812,7.312542541461474
3813,7.312534214462081
3814,7.312525888651323
3815,7.312517564028865
3816,7.312509240594384
3817,7.3125009183475465
3818,7.312492597288029
3819,7.312484277415497
3820,7.312475958729634
3821,7.3124676412301
3822,7.312459324916581
3823,7.312451009788738
3824,7.312442695846249
3825,7.312434383088789
3826,7.312426071516031
3827,7.312417761127645
3828,7.312409451923314
3829,7.312401143902703
3830,7.312392837065485
3831,7.312384531411349
3832,7.312376226939953
3833,7.312367923650983
3834,7.312359621544109
3835,7.31235132061901
3836,7.312343020875352
3837,7.312334722312822
3838,7.312326424931091
3839,7.312318128729844
3840,7.312309833708737
3841,7.312301539867469
3842,7.312293247205702
3843,7.312284955723117
3844,7.312276665419395
3845,7.31226837629421
3846,7.312260088347233
3847,7.312251801578151
3848,7.31224351598664
3849,7.312235231572371
3850,7.312226948335036
3851,7.312218666274301
3852,7.312210385389852
3853,7.3122021056813615
3854,7.312193827148512
3855,7.3121855497909864
3856,7.312177273608453
3857,7.312168998600604
3858,7.312160724767111
3859,7.312152452107656
3860,7.312144180621919
3861,7.3121359103095855
3862,7.312127641170328
3863,7.312119373203831
3864,7.312111106409771
3865,7.312102840787838
3866,7.312094576337705
3867,7.312086313059057
3868,7.312078050951576
3869,7.312069790014944
3870,7.312061530248835
3871,7.312053271652944
3872,7.312045014226945
3873,7.312036757970525
3874,7.312028502883366
3875,7.312020248965148
3876,7.312011996215546
3877,7.312003744634264
3878,7.311995494220968
3879,7.311987244975348
3880,7.311978996897089
3881,7.3119707499858775
3882,7.311962504241389
3883,7.311954259663312
3884,7.311946016251334
3885,7.3119377740051394
3886,7.311929532924408
3887,7.311921293008826
3888,7.311913054258081
3889,7.311904816671864
3890,7.311896580249848
3891,7.311888344991728
3892,7.311880110897189
3893,7.311871877965914
3894,7.311863646197592
3895,7.311855415591906
3896,7.311847186148553
3897,7.311838957867206
3898,7.311830730747562
3899,7.311822504789299
3900,7.311814279992117
3901,7.311806056355693
3902,7.311797833879722
3903,7.311789612563881
3904,7.311781392407873
3905,7.311773173411375
3906,7.311764955574081
3907,7.3117567388956815
3908,7.3117485233758615
3909,7.3117403090143105
3910,7.311732095810715
3911,7.311723883764775
3912,7.311715672876169
3913,7.3117074631445895
3914,7.311699254569729
3915,7.311691047151274
3916,7.311682840888922
3917,7.3116746357823565
3918,7.311666431831272
3919,7.311658229035353
3920,7.311650027394299
3921,7.311641826907796
3922,7.311633627575539
3923,7.311625429397215
3924,7.311617232372519
3925,7.3116090365011415
3926,7.311600841782778
3927,7.311592648217117
3928,7.311584455803849
3929,7.311576264542676
3930,7.311568074433282
3931,7.311559885475362
3932,7.311551697668608
3933,7.3115435110127205
3934,7.311535325507385
3935,7.311527141152296
3936,7.31151895794715
3937,7.31151077589164
3938,7.311502594985463
3939,7.311494415228311
3940,7.311486236619878
3941,7.311478059159857
3942,7.3114698828479465
3943,7.31146170768384
3944,7.311453533667234
3945,7.311445360797825
3946,7.3114371890753045
3947,7.311429018499374
3948,7.311420849069721
3949,7.311412680786046
3950,7.311404513648052
3951,7.311396347655424
3952,7.311388182807869
3953,7.311380019105072
3954,7.311371856546747
3955,7.311363695132574
3956,7.311355534862261
3957,7.311347375735499
3958,7.31133921775199
3959,7.3113310609114315
3960,7.311322905213522
3961,7.311314750657958
3962,7.311306597244434
3963,7.311298444972659
3964,7.311290293842321
3965,7.311282143853126
3966,7.311273995004774
3967,7.311265847296957
3968,7.311257700729377
3969,7.311249555301736
3970,7.311241411013735
3971,7.311233267865071
3972,7.311225125855441
3973,7.311216984984555
3974,7.311208845252105
3975,7.31120070665779
3976,7.311192569201317
3977,7.3111844328823885
3978,7.311176297700699
3979,7.311168163655957
3980,7.311160030747855
3981,7.311151898976098
3982,7.311143768340394
3983,7.311135638840438
3984,7.311127510475933
3985,7.311119383246582
3986,7.31111125715209
3987,7.311103132192157
3988,7.311095008366488
3989,7.311086885674786
3990,7.311078764116746
3991,7.311070643692078
3992,7.311062524400494
3993,7.311054406241684
3994,7.311046289215357
3995,7.311038173321216
3996,7.311030058558966
3997,7.311021944928313
3998,7.311013832428956
3999,7.311005721060612
4000,7.310997610822969
4001,7.310989501715744
4002,7.310981393738635
4003,7.310973286891354
4004,7.310965181173599
4005,7.310957076585084
4006,7.310948973125507
4007,7.310940870794581
4008,7.310932769592007
4009,7.310924669517493
4010,7.310916570570746
4011,7.310908472751471
4012,7.310900376059376
4013,7.310892280494169
4014,7.310884186055557
4015,7.310876092743243
4016,7.310868000556937
4017,7.310859909496354
4018,7.3108518195611865
4019,7.310843730751157
4020,7.310835643065964
4021,7.310827556505324
4022,7.310819471068937
4023,7.310811386756518
4024,7.310803303567773
4025,7.310795221502405
4026,7.3107871405601355
4027,7.310779060740666
4028,7.310770982043709
4029,7.310762904468973
4030,7.310754828016163
4031,7.310746752684991
4032,7.310738678475173
4033,7.310730605386418
4034,7.310722533418432
4035,7.310714462570928
4036,7.310706392843612
4037,7.310698324236203
4038,7.3106902567484084
4039,7.310682190379934
4040,7.3106741251305
4041,7.31066606099981
4042,7.310657997987584
4043,7.3106499360935295
4044,7.310641875317354
4045,7.310633815658777
4046,7.310625757117505
4047,7.310617699693257
4048,7.31060964338574
4049,7.310601588194667
4050,7.310593534119757
4051,7.310585481160715
4052,7.31057742931726
4053,7.310569378589104
4054,7.310561328975958
4055,7.310553280477537
4056,7.310545233093561
4057,7.310537186823731
4058,7.310529141667773
4059,7.3105210976254
4060,7.310513054696322
4061,7.310505012880252
4062,7.310496972176909
4063,7.310488932586014
4064,7.31048089410727
4065,7.310472856740398
4066,7.310464820485113
4067,7.310456785341133
4068,7.31044875130817
4069,7.310440718385942
4070,7.310432686574166
4071,7.310424655872559
4072,7.310416626280833
4073,7.310408597798706
4074,7.310400570425895
4075,7.310392544162123
4076,7.310384519007095
4077,7.31037649496054
4078,7.31036847202217
4079,7.3103604501916974
4080,7.310352429468849
4081,7.310344409853342
4082,7.310336391344886
4083,7.310328373943206
4084,7.310320357648021
4085,7.310312342459043
4086,7.310304328375998
4087,7.310296315398598
4088,7.310288303526569
4089,7.310280292759622
4090,7.310272283097486
4091,7.310264274539873
4092,7.310256267086502
4093,7.310248260737096
4094,7.310240255491378
4095,7.310232251349059
4096,7.310224248309865
4097,7.310216246373518
4098,7.310208245539731
4099,7.310200245808233
4100,7.310192247178743
4101,7.310184249650974
4102,7.310176253224658
4103,7.310168257899509
4104,7.31016026367525
4105,7.3101522705516055
4106,7.310144278528295
4107,7.3101362876050375
4108,7.310128297781559
4109,7.310120309057577
4110,7.310112321432823
4111,7.310104334907007
4112,7.310096349479863
4113,7.310088365151106
4114,7.310080381920459
4115,7.310072399787654
4116,7.310064418752402
4117,7.310056438814436
4118,7.310048459973471
4119,7.310040482229238
4120,7.310032505581456
4121,7.310024530029854
4122,7.310016555574151
4123,7.310008582214074
4124,7.310000609949343
4125,7.30999263877969
4126,7.309984668704828
4127,7.309976699724502
4128,7.309968731838417
4129,7.309960765046306
4130,7.309952799347893
4131,7.309944834742905
4132,7.309936871231062
4133,7.309928908812102
4134,7.309920947485739
4135,7.309912987251706
4136,7.3099050281097275
4137,7.309897070059525
4138,7.309889113100831
4139,7.309881157233367
4140,7.309873202456865
4141,7.309865248771049
4142,7.309857296175647
4143,7.309849344670386
4144,7.30984139425499
4145,7.309833444929193
4146,7.309825496692719
4147,7.309817549545294
4148,7.3098096034866495
4149,7.309801658516509
4150,7.309793714634608
4151,7.309785771840667
4152,7.309777830134421
4153,7.3097698895155965
4154,7.309761949983919
4155,7.309754011539116
4156,7.309746074180927
4157,7.309738137909077
4158,7.309730202723285
4159,7.309722268623292
4160,7.309714335608822
4161,7.30970640367961
4162,7.309698472835389
4163,7.309690543075874
4164,7.309682614400806
4165,7.30967468680992
4166,7.309666760302931
4167,7.309658834879585
4168,7.309650910539608
4169,7.309642987282731
4170,7.309635065108679
4171,7.3096271440171945
4172,7.309619224007998
4173,7.309611305080821
4174,7.309603387235408
4175,7.309595470471485
4176,7.309587554788779
4177,7.309579640187022
4178,7.3095717266659515
4179,7.309563814225295
4180,7.309555902864793
4181,7.3095479925841715
4182,7.309540083383163
4183,7.309532175261502
4184,7.309524268218923
4185,7.309516362255158
4186,7.309508457369939
4187,7.309500553563004
4188,7.30949265083408
4189,7.309484749182906
4190,7.309476848609214
4191,7.309468949112744
4192,7.309461050693224
4193,7.309453153350382
4194,7.309445257083967
4195,7.309437361893705
4196,7.309429467779333
4197,7.309421574740584
4198,7.309413682777198
4199,7.309405791888901
4200,7.309397902075436
4201,7.309390013336545
4202,7.309382125671946
4203,7.309374239081386
4204,7.309366353564603
4205,7.309358469121323
4206,7.309350585751291
4207,7.309342703454241
4208,7.309334822229912
4209,7.3093269420780365
4210,7.309319062998352
4211,7.309311184990596
4212,7.309303308054505
4213,7.309295432189821
4214,7.309287557396273
4215,7.3092796836736085
4216,7.309271811021556
4217,7.309263939439858
4218,7.309256068928249
4219,7.309248199486473
4220,7.30924033111426
4221,7.3092324638113535
4222,7.309224597577494
4223,7.3092167324124135
4224,7.309208868315861
4225,7.309201005287563
4226,7.309193143327263
4227,7.309185282434707
4228,7.309177422609624
4229,7.3091695638517615
4230,7.309161706160853
4231,7.309153849536644
4232,7.309145993978869
4233,7.3091381394872705
4234,7.30913028606159
4235,7.309122433701567
4236,7.309114582406937
4237,7.309106732177445
4238,7.309098883012834
4239,7.309091034912842
4240,7.309083187877207
4241,7.309075341905674
4242,7.309067496997987
4243,7.309059653153875
4244,7.309051810373095
4245,7.309043968655377
4246,7.309036128000472
4247,7.309028288408115
4248,7.309020449878051
4249,7.309012612410017
4250,7.309004776003762
4251,7.3089969406590285
4252,7.308989106375552
4253,7.308981273153084
4254,7.308973440991358
4255,7.308965609890126
4256,7.308957779849127
4257,7.3089499508681035
4258,7.308942122946801
4259,7.308934296084957
4260,7.308926470282321
4261,7.308918645538638
4262,7.3089108218536465
4263,7.308902999227094
4264,7.308895177658724
4265,7.308887357148283
4266,7.308879537695512
4267,7.308871719300156
4268,7.308863901961961
4269,7.308856085680671
4270,7.308848270456029
4271,7.308840456287786
4272,7.3088326431756805
4273,7.308824831119463
4274,7.308817020118871
4275,7.308809210173667
4276,7.308801401283578
4277,7.308793593448358
4278,7.3087857866677535
4279,7.30877798094151
4280,7.3087701762693715
4281,7.308762372651088
4282,7.308754570086407
4283,7.308746768575068
4284,7.308738968116822
4285,7.308731168711418
4286,7.308723370358602
4287,7.30871557305812
4288,7.308707776809721
4289,7.308699981613149
4290,7.308692187468154
4291,7.308684394374486
4292,7.3086766023318885
4293,7.308668811340112
4294,7.308661021398906
4295,7.308653232508013
4296,7.30864544466719
4297,7.3086376578761785
4298,7.308629872134724
4299,7.308622087442585
4300,7.308614303799502
4301,7.308606521205233
4302,7.308598739659523
4303,7.308590959162116
4304,7.3085831797127705
4305,7.308575401311225
4306,7.308567623957237
4307,7.308559847650557
4308,7.308552072390932
4309,7.308544298178107
4310,7.308536525011847
4311,7.308528752891889
4312,7.3085209818179875
4313,7.308513211789891
4314,7.3085054428073555
4315,7.308497674870128
4316,7.30848990797796
4317,7.308482142130603
4318,7.308474377327803
4319,7.308466613569321
4320,7.308458850854903
4321,7.308451089184298
4322,7.308443328557263
4323,7.308435568973549
4324,7.308427810432902
4325,7.308420052935086
4326,7.308412296479843
4327,7.308404541066923
4328,7.308396786696086
4329,7.3083890333670904
4330,7.308381281079672
4331,7.308373529833592
4332,7.30836577962861
4333,7.308358030464469
4334,7.308350282340929
4335,7.308342535257733
4336,7.308334789214649
4337,7.308327044211423
4338,7.30831930024781
4339,7.308311557323561
4340,7.308303815438433
4341,7.308296074592177
4342,7.30828833478455
4343,7.308280596015311
4344,7.308272858284202
4345,7.30826512159099
4346,7.308257385935424
4347,7.30824965131726
4348,7.308241917736249
4349,7.308234185192153
4350,7.308226453684724
4351,7.308218723213716
4352,7.308210993778883
4353,7.308203265379987
4354,7.3081955380167765
4355,7.308187811689015
4356,7.308180086396453
4357,7.308172362138847
4358,7.3081646389159545
4359,7.308156916727528
4360,7.308149195573332
4361,7.308141475453119
4362,7.308133756366641
4363,7.308126038313664
4364,7.308118321293932
4365,7.308110605307217
4366,7.308102890353272
4367,7.308095176431843
4368,7.308087463542702
4369,7.308079751685601
4370,7.308072040860293
4371,7.308064331066543
4372,7.308056622304107
4373,7.308048914572739
4374,7.308041207872203
4375,7.308033502202254
4376,7.308025797562649
4377,7.308018093953151
4378,7.308010391373519
4379,7.308002689823504
4380,7.30799498930287
4381,7.307987289811377
4382,7.307979591348786
4383,7.3079718939148535
4384,7.307964197509336
4385,7.307956502131995
4386,7.307948807782591
4387,7.3079411144608875
4388,7.307933422166641
4389,7.30792573089961
4390,7.307918040659553
4391,7.3079103514462345
4392,7.307902663259414
4393,7.307894976098851
4394,7.307887289964307
4395,7.307879604855541
4396,7.307871920772317
4397,7.307864237714392
4398,7.307856555681529
4399,7.307848874673492
4400,7.307841194690037
4401,7.307833515730931
4402,7.307825837795927
4403,7.307818160884801
4404,7.3078104849973
4405,7.30780281013319
4406,7.307795136292238
4407,7.307787463474209
4408,7.3077797916788505
4409,7.307772120905937
4410,7.307764451155228
4411,7.3077567824264875
4412,7.307749114719475
4413,7.307741448033957
4414,7.307733782369693
4415,7.307726117726446
4416,7.307718454103986
4417,7.307710791502067
4418,7.307703129920461
4419,7.30769546935892
4420,7.3076878098172235
4421,7.307680151295123
4422,7.307672493792382
4423,7.307664837308774
4424,7.30765718184406
4425,7.307649527397998
4426,7.3076418739703595
4427,7.307634221560904
4428,7.3076265701694005
4429,7.307618919795606
4430,7.307611270439297
4431,7.30760362210023
4432,7.307595974778173
4433,7.307588328472892
4434,7.307580683184149
4435,7.307573038911714
4436,7.307565395655347
4437,7.307557753414819
4438,7.307550112189894
4439,7.3075424719803355
4440,7.3075348327859135
4441,7.307527194606387
4442,7.307519557441531
4443,7.307511921291113
4444,7.307504286154888
4445,7.307496652032628
4446,7.307489018924107
4447,7.307481386829085
4448,7.307473755747325
4449,7.307466125678603
4450,7.307458496622684
4451,7.307450868579329
4452,7.307443241548312
4453,7.307435615529401
4454,7.307427990522355
4455,7.307420366526954
4456,7.307412743542955
4457,7.307405121570129
4458,7.307397500608252
4459,7.307389880657082
4460,7.307382261716391
4461,7.307374643785949
4462,7.307367026865523
4463,7.307359410954881
4464,7.307351796053791
4465,7.30734418216203
4466,7.307336569279354
4467,7.3073289574055424
4468,7.307321346540356
4469,7.307313736683576
4470,7.307306127834956
4471,7.30729851999428
4472,7.307290913161312
4473,7.307283307335819
4474,7.307275702517578
4475,7.307268098706349
4476,7.307260495901913
4477,7.307252894104033
4478,7.307245293312478
4479,7.307237693527029
4480,7.307230094747445
4481,7.3072224969735
4482,7.307214900204967
4483,7.307207304441616
4484,7.307199709683224
4485,7.307192115929548
4486,7.3071845231803705
4487,7.307176931435457
4488,7.307169340694586
4489,7.307161750957522
4490,7.307154162224043
4491,7.307146574493912
4492,7.307138987766913
4493,7.307131402042804
4494,7.3071238173213695
4495,7.307116233602372
4496,7.307108650885596
4497,7.307101069170798
4498,7.307093488457764
4499,7.307085908746262
4500,7.307078330036062
4501,7.307070752326944
4502,7.307063175618672
4503,7.307055599911025
4504,7.307048025203778
4505,7.307040451496693
4506,7.307032878789557
4507,7.3070253070821405
4508,7.307017736374213
4509,7.3070101666655525
4510,7.307002597955932
4511,7.306995030245118
4512,7.306987463532895
4513,7.3069798978190335
4514,7.306972333103307
4515,7.306964769385488
4516,7.3069572066653565
4517,7.306949644942685
4518,7.3069420842172415
4519,7.306934524488814
4520,7.30692696575717
4521,7.306919408022081
4522,7.306911851283328
4523,7.3069042955406855
4524,7.306896740793927
4525,7.306889187042831
4526,7.306881634287165
4527,7.306874082526715
4528,7.306866531761257
4529,7.306858981990559
4530,7.306851433214399
4531,7.306843885432557
4532,7.306836338644809
4533,7.306828792850929
4534,7.306821248050691
4535,7.306813704243881
4536,7.306806161430262
4537,7.306798619609624
4538,7.306791078781739
4539,7.30678353894638
4540,7.30677600010333
4541,7.306768462252366
4542,7.306760925393258
4543,7.306753389525787
4544,7.306745854649741
4545,7.306738320764886
4546,7.3067307878709995
4547,7.306723255967867
4548,7.306715725055257
4549,7.306708195132955
4550,7.306700666200739
4551,7.306693138258385
4552,7.306685611305672
4553,7.306678085342378
4554,7.306670560368282
4555,7.306663036383164
4556,7.306655513386801
4557,7.306647991378971
4558,7.306640470359457
4559,7.306632950328036
4560,7.306625431284484
4561,7.306617913228586
4562,7.306610396160118
4563,7.306602880078863
4564,7.306595364984599
4565,7.306587850877103
4566,7.306580337756158
4567,7.306572825621541
4568,7.306565314473036
4569,7.306557804310421
4570,7.306550295133475
4571,7.306542786941982
4572,7.306535279735722
4573,7.306527773514474
4574,7.30652026827802
4575,7.30651276402614
4576,7.306505260758614
4577,7.306497758475222
4578,7.3064902571757475
4579,7.306482756859975
4580,7.306475257527683
4581,7.306467759178651
4582,7.306460261812661
4583,7.306452765429492
4584,7.306445270028934
4585,7.306437775610765
4586,7.306430282174766
4587,7.306422789720718
4588,7.306415298248403
4589,7.306407807757606
4590,7.30640031824811
4591,7.306392829719692
4592,7.306385342172142
4593,7.306377855605242
4594,7.306370370018769
4595,7.306362885412507
4596,7.306355401786242
4597,7.306347919139761
4598,7.306340437472835
4599,7.306332956785256
4600,7.306325477076807
4601,7.306317998347273
4602,7.306310520596432
4603,7.306303043824073
4604,7.3062955680299755
4605,7.30628809321393
4606,7.306280619375714
4607,7.306273146515115
4608,7.306265674631914
4609,7.306258203725901
4610,7.306250733796852
4611,7.306243264844561
4612,7.306235796868807
4613,7.3062283298693735
4614,7.3062208638460495
4615,7.306213398798618
4616,7.306205934726868
4617,7.306198471630578
4618,7.306191009509532
4619,7.306183548363525
4620,7.306176088192334
4621,7.306168628995752
4622,7.30616117077356
4623,7.3061537135255445
4624,7.306146257251485
4625,7.306138801951175
4626,7.306131347624403
4627,7.306123894270947
4628,7.306116441890603
4629,7.306108990483147
4630,7.306101540048371
4631,7.306094090586063
4632,7.306086642096004
4633,7.306079194577988
4634,7.306071748031794
4635,7.306064302457213
4636,7.3060568578540375
4637,7.306049414222045
4638,7.306041971561029
4639,7.306034529870773
4640,7.306027089151069
4641,7.306019649401701
4642,7.306012210622457
4643,7.306004772813126
4644,7.305997335973494
4645,7.305989900103351
4646,7.305982465202482
4647,7.3059750312706795
4648,7.305967598307732
4649,7.30596016631342
4650,7.305952735287542
4651,7.30594530522988
4652,7.305937876140224
4653,7.3059304480183656
4654,7.305923020864087
4655,7.305915594677186
4656,7.305908169457449
4657,7.3059007452046565
4658,7.305893321918607
4659,7.305885899599085
4660,7.305878478245886
4661,7.305871057858798
4662,7.305863638437605
4663,7.305856219982099
4664,7.305848802492073
4665,7.305841385967312
4666,7.305833970407613
4667,7.305826555812761
4668,7.305819142182549
4669,7.305811729516761
4670,7.305804317815193
4671,7.305796907077634
4672,7.305789497303875
4673,7.305782088493711
4674,7.305774680646925
4675,7.305767273763312
4676,7.305759867842659
4677,7.305752462884765
4678,7.305745058889413
4679,7.305737655856396
4680,7.30573025378551
4681,7.3057228526765465
4682,7.305715452529293
4683,7.3057080533435395
4684,7.305700655119084
4685,7.3056932578557126
4686,7.30568586155322
4687,7.3056784662114
4688,7.3056710718300355
4689,7.305663678408931
4690,7.305656285947878
4691,7.305648894446658
4692,7.305641503905068
4693,7.305634114322905
4694,7.305626725699965
4695,7.305619338036027
4696,7.305611951330898
4697,7.305604565584364
4698,7.305597180796215
4699,7.305589796966252
4700,7.305582414094259
4701,7.305575032180041
4702,7.3055676512233845
4703,7.305560271224081
4704,7.305552892181932
4705,7.30554551409672
4706,7.305538136968247
4707,7.305530760796307
4708,7.305523385580693
4709,7.305516011321194
4710,7.305508638017614
4711,7.30550126566974
4712,7.305493894277365
4713,7.30548652384029
4714,7.305479154358303
4715,7.305471785831203
4716,7.305464418258784
4717,7.30545705164084
4718,7.3054496859771705
4719,7.305442321267563
4720,7.305434957511816
4721,7.305427594709722
4722,7.305420232861082
4723,7.30541287196569
4724,7.305405512023344
4725,7.3053981530338294
4726,7.30539079499695
4727,7.305383437912498
4728,7.305376081780276
4729,7.305368726600072
4730,7.305361372371689
4731,7.3053540190949136
4732,7.305346666769551
4733,7.305339315395393
4734,7.30533196497224
4735,7.305324615499888
4736,7.305317266978126
4737,7.305309919406758
4738,7.305302572785583
4739,7.305295227114391
4740,7.305287882392986
4741,7.305280538621158
4742,7.305273195798704
4743,7.305265853925429
4744,7.305258513001125
4745,7.305251173025591
4746,7.305243833998622
4747,7.3052364959200204
4748,7.3052291587895795
4749,7.305221822607105
4750,7.305214487372384
4751,7.305207153085218
4752,7.3051998197454076
4753,7.305192487352748
4754,7.305185155907046
4755,7.305177825408085
4756,7.305170495855678
4757,7.305163167249608
4758,7.305155839589691
4759,7.305148512875716
4760,7.305141187107484
4761,7.305133862284789
4762,7.305126538407437
4763,7.305119215475227
4764,7.305111893487953
4765,7.30510457244542
4766,7.305097252347414
4767,7.3050899331937575
4768,7.305082614984232
4769,7.305075297718639
4770,7.305067981396789
4771,7.30506066601847
4772,7.305053351583486
4773,7.305046038091638
4774,7.305038725542727
4775,7.30503141393655
4776,7.305024103272906
4777,7.305016793551606
4778,7.30500948477244
4779,7.3050021769352025
4780,7.304994870039713
4781,7.304987564085756
4782,7.304980259073137
4783,7.304972955001667
4784,7.304965651871133
4785,7.304958349681343
4786,7.304951048432093
4787,7.30494374812319
4788,7.304936448754431
4789,7.304929150325621
4790,7.304921852836561
4791,7.304914556287049
4792,7.304907260676892
4793,7.3048999660058875
4794,7.304892672273836
4795,7.30488537948055
4796,7.3048780876258155
4797,7.304870796709451
4798,7.304863506731241
4799,7.304856217691002
4800,7.304848929588533
4801,7.304841642423638
4802,7.304834356196111
4803,7.304827070905765
4804,7.304819786552396
4805,7.304812503135805
4806,7.304805220655807
4807,7.3047979391121975
4808,7.304790658504776
4809,7.304783378833348
4810,7.304776100097716
4811,7.304768822297686
4812,7.304761545433065
4813,7.304754269503648
4814,7.304746994509244
4815,7.304739720449651
4816,7.30473244732468
4817,7.304725175134133
4818,7.304717903877813
4819,7.304710633555522
4820,7.304703364167066
4821,7.30469609571225
4822,7.304688828190877
4823,7.304681561602756
4824,7.304674295947679
4825,7.3046670312254705
4826,7.304659767435916
4827,7.3046525045788275
4828,7.304645242654012
4829,7.304637981661276
4830,7.304630721600413
4831,7.304623462471245
4832,7.304616204273562
4833,7.304608947007179
4834,7.304601690671897
4835,7.3045944352675205
4836,7.304587180793861
4837,7.304579927250717
4838,7.3045726746379
4839,7.304565422955211
4840,7.30455817220246
4841,7.304550922379446
4842,7.304543673485987
4843,7.3045364255218725
4844,7.304529178486925
4845,7.304521932380942
4846,7.3045146872037305
4847,7.3045074429551
4848,7.304500199634855
4849,7.304492957242802
4850,7.304485715778751
4851,7.304478475242503
4852,7.304471235633865
4853,7.30446399695265
4854,7.30445675919866
4855,7.304449522371707
4856,7.304442286471594
4857,7.304435051498128
4858,7.3044278174511215
4859,7.304420584330375
4860,7.304413352135698
4861,7.3044061208669
4862,7.30439889052379
4863,7.304391661106171
4864,7.304384432613857
4865,7.304377205046649
4866,7.304369978404359
4867,7.304362752686798
4868,7.304355527893772
4869,7.304348304025083
4870,7.304341081080549
4871,7.304333859059977
4872,7.304326637963168
4873,7.304319417789939
4874,7.304312198540091
4875,7.3043049802134385
4876,7.304297762809789
4877,7.30429054632895
4878,7.3042833307707316
4879,7.304276116134946
4880,7.304268902421398
4881,7.304261689629901
4882,7.30425447776026
4883,7.30424726681229
4884,7.304240056785792
4885,7.304232847680582
4886,7.304225639496467
4887,7.304218432233262
4888,7.304211225890767
4889,7.304204020468805
4890,7.3041968159671695
4891,7.3041896123856915
4892,7.304182409724159
4893,7.304175207982402
4894,7.304168007160218
4895,7.304160807257418
4896,7.304153608273821
4897,7.3041464102092295
4898,7.30413921306346
4899,7.30413201683632
4900,7.304124821527617
4901,7.304117627137169
4902,7.3041104336647855
4903,7.304103241110277
4904,7.304096049473446
4905,7.304088858754115
4906,7.30408166895209
4907,7.304074480067189
4908,7.304067292099217
4909,7.304060105047984
4910,7.304052918913312
4911,7.304045733695
4912,7.3040385493928675
4913,7.30403136600672
4914,7.304024183536382
4915,7.304017001981653
4916,7.304009821342345
4917,7.304002641618281
4918,7.303995462809265
4919,7.303988284915111
4920,7.30398110793564
4921,7.303973931870647
4922,7.303966756719958
4923,7.303959582483378
4924,7.303952409160729
4925,7.303945236751815
4926,7.303938065256454
4927,7.303930894674462
4928,7.303923725005642
4929,7.303916556249815
4930,7.303909388406794
4931,7.303902221476385
4932,7.3038950554584146
4933,7.303887890352686
4934,7.303880726159012
4935,7.303873562877214
4936,7.303866400507098
4937,7.303859239048486
4938,7.303852078501188
4939,7.303844918865015
4940,7.30383776013978
4941,7.303830602325305
4942,7.303823445421397
4943,7.3038162894278775
4944,7.303809134344554
4945,7.303801980171244
4946,7.303794826907763
4947,7.303787674553919
4948,7.303780523109536
4949,7.303773372574426
4950,7.303766222948401
4951,7.303759074231276
4952,7.303751926422872
4953,7.303744779522997
4954,7.303737633531466
4955,7.3037304884481005
4956,7.303723344272712
4957,7.303716201005118
4958,7.3037090586451265
4959,7.303701917192565
4960,7.303694776647242
4961,7.30368763700897
4962,7.303680498277575
4963,7.303673360452863
4964,7.303666223534657
4965,7.303659087522771
4966,7.303651952417014
4967,7.303644818217214
4968,7.303637684923179
4969,7.30363055253473
4970,7.303623421051679
4971,7.303616290473844
4972,7.303609160801046
4973,7.303602032033098
4974,7.303594904169811
4975,7.303587777211013
4976,7.303580651156516
4977,7.303573526006134
4978,7.303566401759687
4979,7.303559278416995
4980,7.303552155977868
4981,7.30354503444213
4982,7.303537913809596
4983,7.303530794080081
4984,7.3035236752534045
4985,7.303516557329385
4986,7.303509440307842
4987,7.303502324188584
4988,7.303495208971439
4989,7.303488094656224
4990,7.303480981242747
4991,7.3034738687308405
4992,7.303466757120313
4993,7.303459646410987
4994,7.303452536602672
4995,7.303445427695195
4996,7.303438319688381
4997,7.303431212582031
4998,7.303424106375975
4999,7.303417001070031
